#
# There is insufficient memory for the Java Runtime Environment to continue.
# Native memory allocation (malloc) failed to allocate 1902400 bytes. Error detail: Chunk::new
# Possible reasons:
#   The system is out of physical RAM or swap space
#   This process is running with CompressedOops enabled, and the Java Heap may be blocking the growth of the native heap
# Possible solutions:
#   Reduce memory load on the system
#   Increase physical memory or swap space
#   Check if swap backing store is full
#   Decrease Java heap size (-Xmx/-Xms)
#   Decrease number of Java threads
#   Decrease Java thread stack sizes (-Xss)
#   Set larger code cache with -XX:ReservedCodeCacheSize=
#   JVM is running with Unscaled Compressed Oops mode in which the Java heap is
#     placed in the first 4GB address space. The Java Heap base address is the
#     maximum limit for the native heap growth. Please use -XX:HeapBaseMinAddress
#     to set the Java Heap base and to place the Java Heap above 4GB virtual address.
# This output file may be truncated or incomplete.
#
#  Out of Memory Error (arena.cpp:168), pid=44984, tid=10080
#
# JRE version: OpenJDK Runtime Environment (21.0.10) (build 21.0.10+-14961533-b1163.108)
# Java VM: OpenJDK 64-Bit Server VM (21.0.10+-14961533-b1163.108, mixed mode, tiered, compressed oops, compressed class ptrs, g1 gc, windows-amd64)
# No core dump will be written. Minidumps are not enabled by default on client versions of Windows
#

---------------  S U M M A R Y ------------

Command Line: --add-opens=java.base/java.lang=ALL-UNNAMED --add-opens=java.base/java.lang.invoke=ALL-UNNAMED --add-opens=java.base/java.util=ALL-UNNAMED --add-opens=java.prefs/java.util.prefs=ALL-UNNAMED --add-exports=jdk.compiler/com.sun.tools.javac.api=ALL-UNNAMED --add-exports=jdk.compiler/com.sun.tools.javac.util=ALL-UNNAMED --add-opens=java.base/java.util=ALL-UNNAMED --add-opens=java.prefs/java.util.prefs=ALL-UNNAMED --add-opens=java.base/java.nio.charset=ALL-UNNAMED --add-opens=java.base/java.net=ALL-UNNAMED --add-opens=java.base/java.util.concurrent=ALL-UNNAMED --add-opens=java.base/java.util.concurrent.atomic=ALL-UNNAMED --add-opens=java.xml/javax.xml.namespace=ALL-UNNAMED --add-opens=java.base/java.time=ALL-UNNAMED -Xmx2048m -Dfile.encoding=UTF-8 -Duser.country=ES -Duser.language=es -Duser.variant -javaagent:C:\Users\siuni\.gradle\wrapper\dists\gradle-9.4.1-bin\arn2x92ynaizyzdaamcbpbhtj\gradle-9.4.1\lib\agents\gradle-instrumentation-agent-9.4.1.jar org.gradle.launcher.daemon.bootstrap.GradleDaemon 9.4.1

Host: 13th Gen Intel(R) Core(TM) i7-13700HX, 24 cores, 31G,  Windows 11 , 64 bit Build 26100 (10.0.26100.8875)
Time: Sat Aug  1 16:30:57 2026 Hora de verano romance elapsed time: 12460.387345 seconds (0d 3h 27m 40s)

---------------  T H R E A D  ---------------

Current thread (0x000001bb2b69fba0):  JavaThread "C2 CompilerThread1" daemon [_thread_in_native, id=10080, stack(0x000000aa20a00000,0x000000aa20b00000) (1024K)]


Current CompileTask:
C2:12460387 67042   !   4       com.android.tools.r8.dex.j0::a (3162 bytes)

Stack: [0x000000aa20a00000,0x000000aa20b00000]
Native frames: (J=compiled Java code, j=interpreted, Vv=VM code, C=native code)
V  [jvm.dll+0x6d78a9]
V  [jvm.dll+0x8665b3]
V  [jvm.dll+0x868bde]
V  [jvm.dll+0x8692c3]
V  [jvm.dll+0x280ee6]
V  [jvm.dll+0xc07cd]
V  [jvm.dll+0xc0d03]
V  [jvm.dll+0x3ba0cb]
V  [jvm.dll+0x1e0052]
V  [jvm.dll+0x249d24]
V  [jvm.dll+0x2491a1]
V  [jvm.dll+0x1c76e4]
V  [jvm.dll+0x25891e]
V  [jvm.dll+0x256e66]
V  [jvm.dll+0x3f513e]
V  [jvm.dll+0x80fd28]
V  [jvm.dll+0x6d60fd]
C  [ucrtbase.dll+0x2cd30]
C  [KERNEL32.DLL+0x2e957]
C  [ntdll.dll+0xaad6c]


---------------  P R O C E S S  ---------------

Threads class SMR info:
_java_thread_list=0x000001bb36e7a650, length=171, elements={
0x000001bb03b4fd50, 0x000001bb1e95cd30, 0x000001bb1e997ea0, 0x000001bb1e998510,
0x000001bb1e9b2180, 0x000001bb1e9b3bf0, 0x000001bb1e9b4650, 0x000001bb1e9a15e0,
0x000001bb1e9d6920, 0x000001bb1e9db3e0, 0x000001bb23232610, 0x000001bb24d44e80,
0x000001bb24b9d000, 0x000001bb257f1f30, 0x000001bb2560e3e0, 0x000001bb2560d6c0,
0x000001bb2560fe20, 0x000001bb28424130, 0x000001bb28422060, 0x000001bb28421340,
0x000001bb26c06f00, 0x000001bb29d6e530, 0x000001bb2bf35740, 0x000001bb36c2f710,
0x000001bb2a447210, 0x000001bb2a44cdf0, 0x000001bb2a44e1a0, 0x000001bb346977d0,
0x000001bb34696ab0, 0x000001bb34699f30, 0x000001bb32908ee0, 0x000001bb344ee9e0,
0x000001bb2a24b300, 0x000001bb2b89c390, 0x000001bb36409ce0, 0x000001bb36407c10,
0x000001bb3771e500, 0x000001bb3771b710, 0x000001bb3771bda0, 0x000001bb2780f1a0,
0x000001bb363dfde0, 0x000001bb2a24c6b0, 0x000001bb3821d7c0, 0x000001bb3821caa0,
0x000001bb324c3480, 0x000001bb33d8b210, 0x000001bb33dff880, 0x000001bb2780e480,
0x000001bb2a24d3d0, 0x000001bb33e00c30, 0x000001bb2b4717a0, 0x000001bb36408fc0,
0x000001bb3640a370, 0x000001bb36407580, 0x000001bb364082a0, 0x000001bb36409650,
0x000001bb36408930, 0x000001bb2311a3a0, 0x000001bb23117c40, 0x000001bb23119680,
0x000001bb231182d0, 0x000001bb23118960, 0x000001bb23118ff0, 0x000001bb355fe990,
0x000001bb336fbf50, 0x000001bb2a86f550, 0x000001bb3821e4e0, 0x000001bb2be7dbc0,
0x000001bb327518b0, 0x000001bb2be7e8e0, 0x000001bb2be7c180, 0x000001bb44c7b020,
0x000001bb44c7a990, 0x000001bb2ae917e0, 0x000001bb41dcd7c0, 0x000001bb2b9ef220,
0x000001bb2b9ed150, 0x000001bb27555bb0, 0x000001bb35036320, 0x000001bb350369b0,
0x000001bb35035c90, 0x000001bb3441e8d0, 0x000001bb3441c800, 0x000001bb3441c170,
0x000001bb3441e240, 0x000001bb3441bae0, 0x000001bb359e3300, 0x000001bb359e2c70,
0x000001bb359e1230, 0x000001bb359e0ba0, 0x000001bb359e25e0, 0x000001bb359dfe80,
0x000001bb359e18c0, 0x000001bb359e0510, 0x000001bb44c795e0, 0x000001bb44c7a300,
0x000001bb44c7c3d0, 0x000001bb44c7b6b0, 0x000001bb44c78f50, 0x000001bb44c7bd40,
0x000001bb2780eb10, 0x000001bb2780f830, 0x000001bb2be7f600, 0x000001bb2be7c810,
0x000001bb347539f0, 0x000001bb2cfbb4e0, 0x000001bb2cfbdc40, 0x000001bb2cfbe2d0,
0x000001bb44e786e0, 0x000001bb44e79400, 0x000001bb2b89ca20, 0x000001bb41dcde50,
0x000001bb41dcd130, 0x000001bb3277a360, 0x000001bb3277a9f0, 0x000001bb3277bda0,
0x000001bb3277c430, 0x000001bb3277cac0, 0x000001bb3277d150, 0x000001bb2550e160,
0x000001bb255108c0, 0x000001bb25510f50, 0x000001bb2550dad0, 0x000001bb2550e7f0,
0x000001bb2550f510, 0x000001bb2550ee80, 0x000001bb32750500, 0x000001bb32751220,
0x000001bb32751f40, 0x000001bb3274fe70, 0x000001bb327525d0, 0x000001bb32779cd0,
0x000001bb34754da0, 0x000001bb2b69a9e0, 0x000001bb34873130, 0x000001bb27553ae0,
0x000001bb2b89f810, 0x000001bb2b89ddd0, 0x000001bb2cae7370, 0x000001bb1ea7eed0,
0x000001bb2b6a0270, 0x000001bb25756ee0, 0x000001bb25758fb0, 0x000001bb25759640,
0x000001bb25758290, 0x000001bb25759cd0, 0x000001bb2575a9f0, 0x000001bb25757570,
0x000001bb2575b080, 0x000001bb25757c00, 0x000001bb336fa510, 0x000001bb347567e0,
0x000001bb34755430, 0x000001bb2575e500, 0x000001bb2575d7e0, 0x000001bb34873e50,
0x000001bb34872aa0, 0x000001bb2575b710, 0x000001bb32750b90, 0x000001bb2b69fba0,
0x000001bb3921f500, 0x000001bb29d262d0, 0x000001bb32fa7d40, 0x000001bb2575cac0,
0x000001bb29ba7820, 0x000001bb36f43a00, 0x000001bb29d26ff0, 0x000001bb366d7150,
0x000001bb29d26960, 0x000001bb2575a360, 0x000001bb3551a900
}

Java Threads: ( => current thread )
  0x000001bb03b4fd50 JavaThread "main"                              [_thread_blocked, id=38944, stack(0x000000aa16200000,0x000000aa16300000) (1024K)]
  0x000001bb1e95cd30 JavaThread "Common-Cleaner"             daemon [_thread_blocked, id=36980, stack(0x000000aa16a00000,0x000000aa16b00000) (1024K)]
  0x000001bb1e997ea0 JavaThread "Reference Handler"          daemon [_thread_blocked, id=17524, stack(0x000000aa16b00000,0x000000aa16c00000) (1024K)]
  0x000001bb1e998510 JavaThread "Finalizer"                  daemon [_thread_blocked, id=39536, stack(0x000000aa16c00000,0x000000aa16d00000) (1024K)]
  0x000001bb1e9b2180 JavaThread "Signal Dispatcher"          daemon [_thread_blocked, id=42352, stack(0x000000aa16d00000,0x000000aa16e00000) (1024K)]
  0x000001bb1e9b3bf0 JavaThread "Attach Listener"            daemon [_thread_blocked, id=18352, stack(0x000000aa16e00000,0x000000aa16f00000) (1024K)]
  0x000001bb1e9b4650 JavaThread "Service Thread"             daemon [_thread_blocked, id=29336, stack(0x000000aa16f00000,0x000000aa17000000) (1024K)]
  0x000001bb1e9a15e0 JavaThread "Monitor Deflation Thread"   daemon [_thread_blocked, id=44448, stack(0x000000aa17000000,0x000000aa17100000) (1024K)]
  0x000001bb1e9d6920 JavaThread "C2 CompilerThread0"         daemon [_thread_blocked, id=14276, stack(0x000000aa17100000,0x000000aa17200000) (1024K)]
  0x000001bb1e9db3e0 JavaThread "C1 CompilerThread0"         daemon [_thread_blocked, id=29432, stack(0x000000aa17200000,0x000000aa17300000) (1024K)]
  0x000001bb23232610 JavaThread "Notification Thread"        daemon [_thread_blocked, id=44472, stack(0x000000aa17400000,0x000000aa17500000) (1024K)]
  0x000001bb24d44e80 JavaThread "Daemon health stats"               [_thread_blocked, id=39184, stack(0x000000aa18600000,0x000000aa18700000) (1024K)]
  0x000001bb24b9d000 JavaThread "Incoming local TCP Connector on port 56412"        [_thread_in_native, id=39632, stack(0x000000aa18700000,0x000000aa18800000) (1024K)]
  0x000001bb257f1f30 JavaThread "Daemon periodic checks"            [_thread_blocked, id=22544, stack(0x000000aa18800000,0x000000aa18900000) (1024K)]
  0x000001bb2560e3e0 JavaThread "Cache worker for journal cache (C:\Users\siuni\.gradle\caches\journal-1)"        [_thread_blocked, id=42752, stack(0x000000aa19600000,0x000000aa19700000) (1024K)]
  0x000001bb2560d6c0 JavaThread "File lock request listener"        [_thread_in_native, id=7544, stack(0x000000aa19700000,0x000000aa19800000) (1024K)]
  0x000001bb2560fe20 JavaThread "Cache worker for file hash cache (C:\Users\siuni\.gradle\caches\9.4.1\fileHashes)"        [_thread_blocked, id=35996, stack(0x000000aa19800000,0x000000aa19900000) (1024K)]
  0x000001bb28424130 JavaThread "File watcher server"        daemon [_thread_in_native, id=8440, stack(0x000000aa19f00000,0x000000aa1a000000) (1024K)]
  0x000001bb28422060 JavaThread "File watcher consumer"      daemon [_thread_blocked, id=38932, stack(0x000000aa1a000000,0x000000aa1a100000) (1024K)]
  0x000001bb28421340 JavaThread "Cache worker for file content cache (C:\Users\siuni\.gradle\caches\9.4.1\fileContent)"        [_thread_blocked, id=46348, stack(0x000000aa1a100000,0x000000aa1a200000) (1024K)]
  0x000001bb26c06f00 JavaThread "Memory manager"                    [_thread_blocked, id=30336, stack(0x000000aa17900000,0x000000aa17a00000) (1024K)]
  0x000001bb29d6e530 JavaThread "pool-3-thread-1"                   [_thread_blocked, id=5124, stack(0x000000aa1bf00000,0x000000aa1c000000) (1024K)]
  0x000001bb2bf35740 JavaThread "pool-7-thread-1"                   [_thread_blocked, id=45200, stack(0x000000aa1bb00000,0x000000aa1bc00000) (1024K)]
  0x000001bb36c2f710 JavaThread "Periodic tasks thread"      daemon [_thread_blocked, id=39724, stack(0x000000aa1db00000,0x000000aa1dc00000) (1024K)]
  0x000001bb2a447210 JavaThread "ApplicationImpl pooled thread 1" daemon [_thread_blocked, id=3024, stack(0x000000aa1dc00000,0x000000aa1dd00000) (1024K)]
  0x000001bb2a44cdf0 JavaThread "Java2D Disposer"            daemon [_thread_blocked, id=4820, stack(0x000000aa1e000000,0x000000aa1e100000) (1024K)]
  0x000001bb2a44e1a0 JavaThread "AWT-Windows"                daemon [_thread_in_native, id=9192, stack(0x000000aa1e200000,0x000000aa1e300000) (1024K)]
  0x000001bb346977d0 JavaThread "RMI Scheduler(0)"           daemon [_thread_blocked, id=2748, stack(0x000000aa19500000,0x000000aa19600000) (1024K)]
  0x000001bb34696ab0 JavaThread "RMI TCP Accept-0"           daemon [_thread_in_native, id=35100, stack(0x000000aa1e300000,0x000000aa1e400000) (1024K)]
  0x000001bb34699f30 JavaThread "pool-12-thread-1"                  [_thread_blocked, id=27040, stack(0x000000aa1bc00000,0x000000aa1bd00000) (1024K)]
  0x000001bb32908ee0 JavaThread "pool-16-thread-1"                  [_thread_blocked, id=14892, stack(0x000000aa1bd00000,0x000000aa1be00000) (1024K)]
  0x000001bb344ee9e0 JavaThread "jar transforms"                    [_thread_blocked, id=14712, stack(0x000000aa19200000,0x000000aa19300000) (1024K)]
  0x000001bb2a24b300 JavaThread "jar transforms Thread 2"           [_thread_blocked, id=46780, stack(0x000000aa19300000,0x000000aa19400000) (1024K)]
  0x000001bb2b89c390 JavaThread "jar transforms Thread 3"           [_thread_blocked, id=2288, stack(0x000000aa1a400000,0x000000aa1a500000) (1024K)]
  0x000001bb36409ce0 JavaThread "jar transforms Thread 4"           [_thread_blocked, id=28836, stack(0x000000aa1c100000,0x000000aa1c200000) (1024K)]
  0x000001bb36407c10 JavaThread "jar transforms Thread 5"           [_thread_blocked, id=32672, stack(0x000000aa1c200000,0x000000aa1c300000) (1024K)]
  0x000001bb3771e500 JavaThread "jar transforms Thread 6"           [_thread_blocked, id=10760, stack(0x000000aa1c500000,0x000000aa1c600000) (1024K)]
  0x000001bb3771b710 JavaThread "jar transforms Thread 7"           [_thread_blocked, id=40732, stack(0x000000aa1c600000,0x000000aa1c700000) (1024K)]
  0x000001bb3771bda0 JavaThread "jar transforms Thread 8"           [_thread_blocked, id=2012, stack(0x000000aa1c700000,0x000000aa1c800000) (1024K)]
  0x000001bb2780f1a0 JavaThread "pool-21-thread-1"                  [_thread_blocked, id=36960, stack(0x000000aa1ca00000,0x000000aa1cb00000) (1024K)]
  0x000001bb363dfde0 JavaThread "pool-26-thread-1"                  [_thread_blocked, id=35168, stack(0x000000aa1c900000,0x000000aa1ca00000) (1024K)]
  0x000001bb2a24c6b0 JavaThread "pool-30-thread-1"                  [_thread_blocked, id=30432, stack(0x000000aa1c300000,0x000000aa1c400000) (1024K)]
  0x000001bb3821d7c0 JavaThread "pool-33-thread-1"                  [_thread_blocked, id=27480, stack(0x000000aa1c800000,0x000000aa1c900000) (1024K)]
  0x000001bb3821caa0 JavaThread "pool-37-thread-1"                  [_thread_blocked, id=26172, stack(0x000000aa1cf00000,0x000000aa1d000000) (1024K)]
  0x000001bb324c3480 JavaThread "pool-41-thread-1"                  [_thread_blocked, id=18172, stack(0x000000aa1cc00000,0x000000aa1cd00000) (1024K)]
  0x000001bb33d8b210 JavaThread "pool-46-thread-1"                  [_thread_blocked, id=30044, stack(0x000000aa1cb00000,0x000000aa1cc00000) (1024K)]
  0x000001bb33dff880 JavaThread "jar transforms Thread 9"           [_thread_blocked, id=34964, stack(0x000000aa1ab00000,0x000000aa1ac00000) (1024K)]
  0x000001bb2780e480 JavaThread "jar transforms Thread 10"          [_thread_blocked, id=22996, stack(0x000000aa1ce00000,0x000000aa1cf00000) (1024K)]
  0x000001bb2a24d3d0 JavaThread "pool-51-thread-1"                  [_thread_blocked, id=26340, stack(0x000000aa1d000000,0x000000aa1d100000) (1024K)]
  0x000001bb33e00c30 JavaThread "pool-56-thread-1"                  [_thread_blocked, id=38756, stack(0x000000aa1d400000,0x000000aa1d500000) (1024K)]
  0x000001bb2b4717a0 JavaThread "pool-59-thread-1"                  [_thread_blocked, id=40932, stack(0x000000aa1d200000,0x000000aa1d300000) (1024K)]
  0x000001bb36408fc0 JavaThread "jar transforms Thread 11"          [_thread_blocked, id=44564, stack(0x000000aa19100000,0x000000aa19200000) (1024K)]
  0x000001bb3640a370 JavaThread "jar transforms Thread 12"          [_thread_blocked, id=34792, stack(0x000000aa19400000,0x000000aa19500000) (1024K)]
  0x000001bb36407580 JavaThread "jar transforms Thread 13"          [_thread_blocked, id=4992, stack(0x000000aa19d00000,0x000000aa19e00000) (1024K)]
  0x000001bb364082a0 JavaThread "jar transforms Thread 14"          [_thread_blocked, id=11480, stack(0x000000aa19e00000,0x000000aa19f00000) (1024K)]
  0x000001bb36409650 JavaThread "jar transforms Thread 15"          [_thread_blocked, id=14308, stack(0x000000aa1a200000,0x000000aa1a300000) (1024K)]
  0x000001bb36408930 JavaThread "jar transforms Thread 16"          [_thread_blocked, id=19000, stack(0x000000aa1a300000,0x000000aa1a400000) (1024K)]
  0x000001bb2311a3a0 JavaThread "jar transforms Thread 17"          [_thread_blocked, id=35660, stack(0x000000aa1a500000,0x000000aa1a600000) (1024K)]
  0x000001bb23117c40 JavaThread "jar transforms Thread 18"          [_thread_blocked, id=6760, stack(0x000000aa1a600000,0x000000aa1a700000) (1024K)]
  0x000001bb23119680 JavaThread "jar transforms Thread 19"          [_thread_blocked, id=42204, stack(0x000000aa1a700000,0x000000aa1a800000) (1024K)]
  0x000001bb231182d0 JavaThread "jar transforms Thread 20"          [_thread_blocked, id=24652, stack(0x000000aa1a800000,0x000000aa1a900000) (1024K)]
  0x000001bb23118960 JavaThread "jar transforms Thread 21"          [_thread_blocked, id=46784, stack(0x000000aa1a900000,0x000000aa1aa00000) (1024K)]
  0x000001bb23118ff0 JavaThread "jar transforms Thread 22"          [_thread_blocked, id=33380, stack(0x000000aa1aa00000,0x000000aa1ab00000) (1024K)]
  0x000001bb355fe990 JavaThread "jar transforms Thread 23"          [_thread_blocked, id=45864, stack(0x000000aa1ac00000,0x000000aa1ad00000) (1024K)]
  0x000001bb336fbf50 JavaThread "jar transforms Thread 24"          [_thread_blocked, id=8300, stack(0x000000aa1ad00000,0x000000aa1ae00000) (1024K)]
  0x000001bb2a86f550 JavaThread "pool-62-thread-1"                  [_thread_blocked, id=31480, stack(0x000000aa1e800000,0x000000aa1e900000) (1024K)]
  0x000001bb3821e4e0 JavaThread "pool-65-thread-1"                  [_thread_blocked, id=42824, stack(0x000000aa1ed00000,0x000000aa1ee00000) (1024K)]
  0x000001bb2be7dbc0 JavaThread "pool-68-thread-1"                  [_thread_blocked, id=33448, stack(0x000000aa1ec00000,0x000000aa1ed00000) (1024K)]
  0x000001bb327518b0 JavaThread "pool-71-thread-1"                  [_thread_blocked, id=36036, stack(0x000000aa1e400000,0x000000aa1e500000) (1024K)]
  0x000001bb2be7e8e0 JavaThread "pool-74-thread-1"                  [_thread_blocked, id=17292, stack(0x000000aa1e500000,0x000000aa1e600000) (1024K)]
  0x000001bb2be7c180 JavaThread "pool-77-thread-1"                  [_thread_blocked, id=31740, stack(0x000000aa1e600000,0x000000aa1e700000) (1024K)]
  0x000001bb44c7b020 JavaThread "RMI GC Daemon"              daemon [_thread_blocked, id=35108, stack(0x000000aa21000000,0x000000aa21100000) (1024K)]
  0x000001bb44c7a990 JavaThread "RMI Reaper"                        [_thread_blocked, id=22740, stack(0x000000aa21100000,0x000000aa21200000) (1024K)]
  0x000001bb2ae917e0 JavaThread "RMI TCP Connection(52)-127.0.0.1" daemon [_thread_in_native, id=3380, stack(0x000000aa16000000,0x000000aa16100000) (1024K)]
  0x000001bb41dcd7c0 JavaThread "Daemon Thread 14"                  [_thread_blocked, id=44604, stack(0x000000aa15f00000,0x000000aa16000000) (1024K)]
  0x000001bb2b9ef220 JavaThread "Handler for socket connection from /127.0.0.1:56412 to /127.0.0.1:53965"        [_thread_in_native, id=42324, stack(0x000000aa16100000,0x000000aa16200000) (1024K)]
  0x000001bb2b9ed150 JavaThread "Cancel handler"                    [_thread_blocked, id=21836, stack(0x000000aa17300000,0x000000aa17400000) (1024K)]
  0x000001bb27555bb0 JavaThread "Daemon worker Thread 15"           [_thread_in_native, id=43500, stack(0x000000aa17500000,0x000000aa17600000) (1024K)]
  0x000001bb35036320 JavaThread "Asynchronous log dispatcher for DefaultDaemonConnection: socket connection from /127.0.0.1:56412 to /127.0.0.1:53965"        [_thread_blocked, id=10432, stack(0x000000aa17600000,0x000000aa17700000) (1024K)]
  0x000001bb350369b0 JavaThread "Stdin handler"                     [_thread_blocked, id=43208, stack(0x000000aa17700000,0x000000aa17800000) (1024K)]
  0x000001bb35035c90 JavaThread "Daemon client event forwarder"        [_thread_blocked, id=12244, stack(0x000000aa17800000,0x000000aa17900000) (1024K)]
  0x000001bb3441e8d0 JavaThread "Cache worker for file hash cache (C:\Users\siuni\UltiMusic\.gradle\9.4.1\fileHashes)"        [_thread_blocked, id=3784, stack(0x000000aa17a00000,0x000000aa17b00000) (1024K)]
  0x000001bb3441c800 JavaThread "Cache worker for checksums cache (C:\Users\siuni\UltiMusic\.gradle\9.4.1\checksums)"        [_thread_blocked, id=9840, stack(0x000000aa18a00000,0x000000aa18b00000) (1024K)]
  0x000001bb3441c170 JavaThread "Build operations"                  [_thread_blocked, id=36704, stack(0x000000aa1b000000,0x000000aa1b100000) (1024K)]
  0x000001bb3441e240 JavaThread "Build operations Thread 2"         [_thread_blocked, id=32140, stack(0x000000aa1b100000,0x000000aa1b200000) (1024K)]
  0x000001bb3441bae0 JavaThread "Build operations Thread 3"         [_thread_blocked, id=38008, stack(0x000000aa1b200000,0x000000aa1b300000) (1024K)]
  0x000001bb359e3300 JavaThread "Build operations Thread 4"         [_thread_blocked, id=2812, stack(0x000000aa1b300000,0x000000aa1b400000) (1024K)]
  0x000001bb359e2c70 JavaThread "Build operations Thread 5"         [_thread_blocked, id=26580, stack(0x000000aa1b400000,0x000000aa1b500000) (1024K)]
  0x000001bb359e1230 JavaThread "Build operations Thread 6"         [_thread_blocked, id=19156, stack(0x000000aa1b500000,0x000000aa1b600000) (1024K)]
  0x000001bb359e0ba0 JavaThread "Build operations Thread 7"         [_thread_blocked, id=6652, stack(0x000000aa1b600000,0x000000aa1b700000) (1024K)]
  0x000001bb359e25e0 JavaThread "Build operations Thread 8"         [_thread_blocked, id=6532, stack(0x000000aa1b700000,0x000000aa1b800000) (1024K)]
  0x000001bb359dfe80 JavaThread "Build operations Thread 9"         [_thread_blocked, id=6772, stack(0x000000aa1b800000,0x000000aa1b900000) (1024K)]
  0x000001bb359e18c0 JavaThread "Build operations Thread 10"        [_thread_blocked, id=32580, stack(0x000000aa1b900000,0x000000aa1ba00000) (1024K)]
  0x000001bb359e0510 JavaThread "Build operations Thread 11"        [_thread_blocked, id=7948, stack(0x000000aa1ba00000,0x000000aa1bb00000) (1024K)]
  0x000001bb44c795e0 JavaThread "Build operations Thread 12"        [_thread_blocked, id=25144, stack(0x000000aa1be00000,0x000000aa1bf00000) (1024K)]
  0x000001bb44c7a300 JavaThread "Build operations Thread 13"        [_thread_blocked, id=2788, stack(0x000000aa1c000000,0x000000aa1c100000) (1024K)]
  0x000001bb44c7c3d0 JavaThread "Build operations Thread 14"        [_thread_blocked, id=23744, stack(0x000000aa1c400000,0x000000aa1c500000) (1024K)]
  0x000001bb44c7b6b0 JavaThread "Build operations Thread 15"        [_thread_blocked, id=18872, stack(0x000000aa1cd00000,0x000000aa1ce00000) (1024K)]
  0x000001bb44c78f50 JavaThread "Build operations Thread 16"        [_thread_blocked, id=11496, stack(0x000000aa1d100000,0x000000aa1d200000) (1024K)]
  0x000001bb44c7bd40 JavaThread "Build operations Thread 17"        [_thread_blocked, id=16664, stack(0x000000aa1d300000,0x000000aa1d400000) (1024K)]
  0x000001bb2780eb10 JavaThread "Build operations Thread 18"        [_thread_blocked, id=37192, stack(0x000000aa1d500000,0x000000aa1d600000) (1024K)]
  0x000001bb2780f830 JavaThread "Build operations Thread 19"        [_thread_blocked, id=46804, stack(0x000000aa1d600000,0x000000aa1d700000) (1024K)]
  0x000001bb2be7f600 JavaThread "Build operations Thread 20"        [_thread_blocked, id=25824, stack(0x000000aa1d700000,0x000000aa1d800000) (1024K)]
  0x000001bb2be7c810 JavaThread "Build operations Thread 21"        [_thread_blocked, id=43356, stack(0x000000aa1d800000,0x000000aa1d900000) (1024K)]
  0x000001bb347539f0 JavaThread "Build operations Thread 22"        [_thread_blocked, id=22520, stack(0x000000aa1d900000,0x000000aa1da00000) (1024K)]
  0x000001bb2cfbb4e0 JavaThread "Build operations Thread 23"        [_thread_blocked, id=27028, stack(0x000000aa1dd00000,0x000000aa1de00000) (1024K)]
  0x000001bb2cfbdc40 JavaThread "Build operations Thread 24"        [_thread_blocked, id=20308, stack(0x000000aa1de00000,0x000000aa1df00000) (1024K)]
  0x000001bb2cfbe2d0 JavaThread "pool-82-thread-1"                  [_thread_blocked, id=36292, stack(0x000000aa1e700000,0x000000aa1e800000) (1024K)]
  0x000001bb44e786e0 Thread "Unknown thread"                        [id=45932, stack(0x000000aa1ee00000,0x000000aa1ef00000) (1024K)]
  0x000001bb44e79400 Thread "Unknown thread"                        [id=23312, stack(0x000000aa1ef00000,0x000000aa1f000000) (1024K)]
  0x000001bb2b89ca20 Thread "Unknown thread"                        [id=39944, stack(0x000000aa1f000000,0x000000aa1f100000) (1024K)]
  0x000001bb41dcde50 Thread "Unknown thread"                        [id=25872, stack(0x000000aa1f100000,0x000000aa1f200000) (1024K)]
  0x000001bb41dcd130 Thread "Unknown thread"                        [id=44464, stack(0x000000aa1f200000,0x000000aa1f300000) (1024K)]
  0x000001bb3277a360 Thread "Unknown thread"                        [id=3280, stack(0x000000aa1f300000,0x000000aa1f400000) (1024K)]
  0x000001bb3277a9f0 Thread "Unknown thread"                        [id=24460, stack(0x000000aa1f400000,0x000000aa1f500000) (1024K)]
  0x000001bb3277bda0 Thread "Unknown thread"                        [id=32016, stack(0x000000aa1f500000,0x000000aa1f600000) (1024K)]
  0x000001bb3277c430 Thread "Unknown thread"                        [id=32596, stack(0x000000aa1f600000,0x000000aa1f700000) (1024K)]
  0x000001bb3277cac0 Thread "Unknown thread"                        [id=34320, stack(0x000000aa1f700000,0x000000aa1f800000) (1024K)]
  0x000001bb3277d150 Thread "Unknown thread"                        [id=42836, stack(0x000000aa1f800000,0x000000aa1f900000) (1024K)]
  0x000001bb2550e160 Thread "Unknown thread"                        [id=20724, stack(0x000000aa1fa00000,0x000000aa1fb00000) (1024K)]
  0x000001bb255108c0 Thread "Unknown thread"                        [id=28952, stack(0x000000aa1fb00000,0x000000aa1fc00000) (1024K)]
  0x000001bb25510f50 Thread "Unknown thread"                        [id=44164, stack(0x000000aa1fc00000,0x000000aa1fd00000) (1024K)]
  0x000001bb2550dad0 Thread "Unknown thread"                        [id=0, stack(0x000000aa1fd00000,0x000000aa1fe00000) (1024K)]
  0x000001bb2550e7f0 Thread "Unknown thread"                        [id=30784, stack(0x000000aa1fe00000,0x000000aa1ff00000) (1024K)]
  0x000001bb2550f510 Thread "Unknown thread"                        [id=18312, stack(0x000000aa1ff00000,0x000000aa20000000) (1024K)]
  0x000001bb2550ee80 Thread "Unknown thread"                        [id=36532, stack(0x000000aa20000000,0x000000aa20100000) (1024K)]
  0x000001bb32750500 Thread "Unknown thread"                        [id=40276, stack(0x000000aa20100000,0x000000aa20200000) (1024K)]
  0x000001bb32751220 Thread "Unknown thread"                        [id=17328, stack(0x000000aa20200000,0x000000aa20300000) (1024K)]
  0x000001bb32751f40 Thread "Unknown thread"                        [id=5704, stack(0x000000aa20300000,0x000000aa20400000) (1024K)]
  0x000001bb3274fe70 Thread "Unknown thread"                        [id=14420, stack(0x000000aa20400000,0x000000aa20500000) (1024K)]
  0x000001bb327525d0 Thread "Unknown thread"                        [id=8644, stack(0x000000aa20500000,0x000000aa20600000) (1024K)]
  0x000001bb32779cd0 JavaThread "WorkerExecutor Queue"              [_thread_blocked, id=7368, stack(0x000000aa20600000,0x000000aa20700000) (1024K)]
  0x000001bb34754da0 JavaThread "WorkerExecutor Queue Thread 2"        [_thread_blocked, id=516, stack(0x000000aa20700000,0x000000aa20800000) (1024K)]
  0x000001bb2b69a9e0 JavaThread "C1 CompilerThread1"         daemon [_thread_blocked, id=45732, stack(0x000000aa1da00000,0x000000aa1db00000) (1024K)]
  0x000001bb34873130 JavaThread "WorkerExecutor Queue Thread 3"        [_thread_blocked, id=31456, stack(0x000000aa20b00000,0x000000aa20c00000) (1024K)]
  0x000001bb27553ae0 JavaThread "WorkerExecutor Queue Thread 4"        [_thread_blocked, id=32696, stack(0x000000aa20c00000,0x000000aa20d00000) (1024K)]
  0x000001bb2b89f810 JavaThread "WorkerExecutor Queue Thread 5"        [_thread_blocked, id=11236, stack(0x000000aa20e00000,0x000000aa20f00000) (1024K)]
  0x000001bb2b89ddd0 JavaThread "WorkerExecutor Queue Thread 6"        [_thread_blocked, id=19808, stack(0x000000aa21400000,0x000000aa21500000) (1024K)]
  0x000001bb2cae7370 JavaThread "WorkerExecutor Queue Thread 7"        [_thread_blocked, id=29936, stack(0x000000aa20800000,0x000000aa20900000) (1024K)]
  0x000001bb1ea7eed0 JavaThread "C1 CompilerThread2"         daemon [_thread_blocked, id=35044, stack(0x000000aa1ea00000,0x000000aa1eb00000) (1024K)]
  0x000001bb2b6a0270 JavaThread "C1 CompilerThread3"         daemon [_thread_blocked, id=2128, stack(0x000000aa20900000,0x000000aa20a00000) (1024K)]
  0x000001bb25756ee0 JavaThread "WorkerExecutor Queue Thread 8"        [_thread_blocked, id=26576, stack(0x000000aa21200000,0x000000aa21300000) (1024K)]
  0x000001bb25758fb0 JavaThread "WorkerExecutor Queue Thread 9"        [_thread_blocked, id=15692, stack(0x000000aa21300000,0x000000aa21400000) (1024K)]
  0x000001bb25759640 JavaThread "WorkerExecutor Queue Thread 10"        [_thread_blocked, id=37740, stack(0x000000aa21800000,0x000000aa21900000) (1024K)]
  0x000001bb25758290 JavaThread "WorkerExecutor Queue Thread 11"        [_thread_blocked, id=4768, stack(0x000000aa21900000,0x000000aa21a00000) (1024K)]
  0x000001bb25759cd0 JavaThread "WorkerExecutor Queue Thread 12"        [_thread_blocked, id=31232, stack(0x000000aa21a00000,0x000000aa21b00000) (1024K)]
  0x000001bb2575a9f0 JavaThread "WorkerExecutor Queue Thread 13"        [_thread_blocked, id=32432, stack(0x000000aa21b00000,0x000000aa21c00000) (1024K)]
  0x000001bb25757570 JavaThread "WorkerExecutor Queue Thread 14"        [_thread_blocked, id=8196, stack(0x000000aa21c00000,0x000000aa21d00000) (1024K)]
  0x000001bb2575b080 JavaThread "WorkerExecutor Queue Thread 15"        [_thread_blocked, id=27024, stack(0x000000aa21d00000,0x000000aa21e00000) (1024K)]
  0x000001bb25757c00 JavaThread "WorkerExecutor Queue Thread 16"        [_thread_blocked, id=46760, stack(0x000000aa21e00000,0x000000aa21f00000) (1024K)]
  0x000001bb336fa510 JavaThread "WorkerExecutor Queue Thread 17"        [_thread_blocked, id=46112, stack(0x000000aa21f00000,0x000000aa22000000) (1024K)]
  0x000001bb347567e0 JavaThread "WorkerExecutor Queue Thread 18"        [_thread_blocked, id=21088, stack(0x000000aa22000000,0x000000aa22100000) (1024K)]
  0x000001bb34755430 JavaThread "WorkerExecutor Queue Thread 19"        [_thread_blocked, id=24524, stack(0x000000aa22100000,0x000000aa22200000) (1024K)]
  0x000001bb2575e500 JavaThread "WorkerExecutor Queue Thread 20"        [_thread_blocked, id=45888, stack(0x000000aa22200000,0x000000aa22300000) (1024K)]
  0x000001bb2575d7e0 JavaThread "WorkerExecutor Queue Thread 21"        [_thread_blocked, id=11104, stack(0x000000aa22300000,0x000000aa22400000) (1024K)]
  0x000001bb34873e50 JavaThread "WorkerExecutor Queue Thread 22"        [_thread_blocked, id=7512, stack(0x000000aa22400000,0x000000aa22500000) (1024K)]
  0x000001bb34872aa0 JavaThread "WorkerExecutor Queue Thread 23"        [_thread_blocked, id=41784, stack(0x000000aa22500000,0x000000aa22600000) (1024K)]
  0x000001bb2575b710 JavaThread "WorkerExecutor Queue Thread 24"        [_thread_blocked, id=20044, stack(0x000000aa22600000,0x000000aa22700000) (1024K)]
  0x000001bb32750b90 JavaThread "WorkerExecutor Queue Thread 25"        [_thread_blocked, id=40528, stack(0x000000aa22700000,0x000000aa22800000) (1024K)]
=>0x000001bb2b69fba0 JavaThread "C2 CompilerThread1"         daemon [_thread_in_native, id=10080, stack(0x000000aa20a00000,0x000000aa20b00000) (1024K)]
  0x000001bb3921f500 JavaThread "ForkJoinPool.commonPool-worker-165" daemon [_thread_blocked, id=46216, stack(0x000000aa22800000,0x000000aa22900000) (1024K)]
  0x000001bb29d262d0 JavaThread "ForkJoinPool.commonPool-worker-166" daemon [_thread_blocked, id=39044, stack(0x000000aa22900000,0x000000aa22a00000) (1024K)]
  0x000001bb32fa7d40 JavaThread "ForkJoinPool.commonPool-worker-167" daemon [_thread_blocked, id=41624, stack(0x000000aa22a00000,0x000000aa22b00000) (1024K)]
  0x000001bb2575cac0 JavaThread "ForkJoinPool.commonPool-worker-168" daemon [_thread_blocked, id=14684, stack(0x000000aa22b00000,0x000000aa22c00000) (1024K)]
  0x000001bb29ba7820 JavaThread "ForkJoinPool.commonPool-worker-169" daemon [_thread_blocked, id=28560, stack(0x000000aa22c00000,0x000000aa22d00000) (1024K)]
  0x000001bb36f43a00 JavaThread "ForkJoinPool.commonPool-worker-170" daemon [_thread_blocked, id=12316, stack(0x000000aa22d00000,0x000000aa22e00000) (1024K)]
  0x000001bb29d26ff0 JavaThread "ForkJoinPool.commonPool-worker-171" daemon [_thread_blocked, id=22752, stack(0x000000aa22e00000,0x000000aa22f00000) (1024K)]
  0x000001bb366d7150 JavaThread "ForkJoinPool.commonPool-worker-172" daemon [_thread_blocked, id=28776, stack(0x000000aa22f00000,0x000000aa23000000) (1024K)]
  0x000001bb29d26960 JavaThread "ForkJoinPool.commonPool-worker-173" daemon [_thread_blocked, id=8416, stack(0x000000aa23000000,0x000000aa23100000) (1024K)]
  0x000001bb2575a360 JavaThread "ForkJoinPool.commonPool-worker-174" daemon [_thread_blocked, id=41028, stack(0x000000aa23100000,0x000000aa23200000) (1024K)]
  0x000001bb3551a900 JavaThread "ForkJoinPool.commonPool-worker-175" daemon [_thread_blocked, id=42480, stack(0x000000aa23200000,0x000000aa23300000) (1024K)]
Total: 171

Other Threads:
  0x000001bb1e8deb40 VMThread "VM Thread"                           [id=8116, stack(0x000000aa16900000,0x000000aa16a00000) (1024K)]
  0x000001bb1d80e7d0 WatcherThread "VM Periodic Task Thread"        [id=39452, stack(0x000000aa16800000,0x000000aa16900000) (1024K)]
  0x000001bb03bad1b0 WorkerThread "GC Thread#0"                     [id=13456, stack(0x000000aa16300000,0x000000aa16400000) (1024K)]
  0x000001bb24333a10 WorkerThread "GC Thread#1"                     [id=21792, stack(0x000000aa17b00000,0x000000aa17c00000) (1024K)]
  0x000001bb24373ff0 WorkerThread "GC Thread#2"                     [id=19640, stack(0x000000aa17c00000,0x000000aa17d00000) (1024K)]
  0x000001bb240f04e0 WorkerThread "GC Thread#3"                     [id=36720, stack(0x000000aa17d00000,0x000000aa17e00000) (1024K)]
  0x000001bb240a13e0 WorkerThread "GC Thread#4"                     [id=12196, stack(0x000000aa17e00000,0x000000aa17f00000) (1024K)]
  0x000001bb240a1790 WorkerThread "GC Thread#5"                     [id=26356, stack(0x000000aa17f00000,0x000000aa18000000) (1024K)]
  0x000001bb23721200 WorkerThread "GC Thread#6"                     [id=32276, stack(0x000000aa18000000,0x000000aa18100000) (1024K)]
  0x000001bb237215b0 WorkerThread "GC Thread#7"                     [id=46288, stack(0x000000aa18100000,0x000000aa18200000) (1024K)]
  0x000001bb2399a690 WorkerThread "GC Thread#8"                     [id=14544, stack(0x000000aa18200000,0x000000aa18300000) (1024K)]
  0x000001bb2399aa40 WorkerThread "GC Thread#9"                     [id=22872, stack(0x000000aa18300000,0x000000aa18400000) (1024K)]
  0x000001bb243be750 WorkerThread "GC Thread#10"                    [id=17540, stack(0x000000aa18400000,0x000000aa18500000) (1024K)]
  0x000001bb243beed0 WorkerThread "GC Thread#11"                    [id=21372, stack(0x000000aa18500000,0x000000aa18600000) (1024K)]
  0x000001bb24b92730 WorkerThread "GC Thread#12"                    [id=43288, stack(0x000000aa18b00000,0x000000aa18c00000) (1024K)]
  0x000001bb24b92380 WorkerThread "GC Thread#13"                    [id=38288, stack(0x000000aa18c00000,0x000000aa18d00000) (1024K)]
  0x000001bb24b914c0 WorkerThread "GC Thread#14"                    [id=4676, stack(0x000000aa19900000,0x000000aa19a00000) (1024K)]
  0x000001bb24b8f740 WorkerThread "GC Thread#15"                    [id=21240, stack(0x000000aa19a00000,0x000000aa19b00000) (1024K)]
  0x000001bb24b8faf0 WorkerThread "GC Thread#16"                    [id=33664, stack(0x000000aa19b00000,0x000000aa19c00000) (1024K)]
  0x000001bb24b8fea0 WorkerThread "GC Thread#17"                    [id=43860, stack(0x000000aa19c00000,0x000000aa19d00000) (1024K)]
  0x000001bb03bbef90 ConcurrentGCThread "G1 Main Marker"            [id=46356, stack(0x000000aa16400000,0x000000aa16500000) (1024K)]
  0x000001bb03bc0150 WorkerThread "G1 Conc#0"                       [id=18336, stack(0x000000aa16500000,0x000000aa16600000) (1024K)]
  0x000001bb24b91870 WorkerThread "G1 Conc#1"                       [id=44936, stack(0x000000aa18d00000,0x000000aa18e00000) (1024K)]
  0x000001bb24b91c20 WorkerThread "G1 Conc#2"                       [id=6056, stack(0x000000aa18e00000,0x000000aa18f00000) (1024K)]
  0x000001bb24b8ec30 WorkerThread "G1 Conc#3"                       [id=34852, stack(0x000000aa18f00000,0x000000aa19000000) (1024K)]
  0x000001bb24b90600 WorkerThread "G1 Conc#4"                       [id=45460, stack(0x000000aa19000000,0x000000aa19100000) (1024K)]
  0x000001bb1e772010 ConcurrentGCThread "G1 Refine#0"               [id=22668, stack(0x000000aa16600000,0x000000aa16700000) (1024K)]
  0x000001bb1d7fac80 ConcurrentGCThread "G1 Service"                [id=32004, stack(0x000000aa16700000,0x000000aa16800000) (1024K)]
Total: 28

Threads with active compile tasks:
C2 CompilerThread1  12460421 67042   !   4       com.android.tools.r8.dex.j0::a (3162 bytes)
Total: 1

VM state: not at safepoint (normal execution)

VM Mutex/Monitor currently owned by a thread: None

Heap address: 0x0000000080000000, size: 2048 MB, Compressed Oops mode: 32-bit

CDS archive(s) not mapped
Compressed class space mapped at: 0x0000000100000000-0x0000000140000000, reserved size: 1073741824
Narrow klass base: 0x0000000000000000, Narrow klass shift: 3, Narrow klass range: 0x140000000

GC Precious Log:
 CardTable entry size: 512
 Card Set container configuration: InlinePtr #cards 5 size 8 Array Of Cards #cards 12 size 40 Howl #buckets 4 coarsen threshold 1843 Howl Bitmap #cards 512 size 80 coarsen threshold 460 Card regions per heap region 1 cards per card region 2048
 CPUs: 24 total, 24 available
 Memory: 32507M
 Large Page Support: Disabled
 NUMA Support: Disabled
 Compressed Oops: Enabled (32-bit)
 Heap Region Size: 1M
 Heap Min Capacity: 8M
 Heap Initial Capacity: 508M
 Heap Max Capacity: 2G
 Pre-touch: Disabled
 Parallel Workers: 18
 Concurrent Workers: 5
 Concurrent Refinement Workers: 18
 Periodic GC: Disabled

Heap:
 garbage-first heap   total 905216K, used 525312K [0x0000000080000000, 0x0000000100000000)
  region size 1024K, 156 young (159744K), 7 survivors (7168K)
 Metaspace       used 265353K, committed 267584K, reserved 1310720K
  class space    used 34444K, committed 35520K, reserved 1048576K

Heap Regions: E=young(eden), S=young(survivor), O=old, HS=humongous(starts), HC=humongous(continues), CS=collection set, F=free, TAMS=top-at-mark-start, PB=parsable bottom
|   0|0x0000000080000000, 0x0000000080100000, 0x0000000080100000|100%|HS|  |TAMS 0x0000000080000000| PB 0x0000000080000000| Complete 
|   1|0x0000000080100000, 0x0000000080200000, 0x0000000080200000|100%|HC|  |TAMS 0x0000000080100000| PB 0x0000000080100000| Complete 
|   2|0x0000000080200000, 0x0000000080300000, 0x0000000080300000|100%|HC|  |TAMS 0x0000000080200000| PB 0x0000000080200000| Complete 
|   3|0x0000000080300000, 0x0000000080400000, 0x0000000080400000|100%|HC|  |TAMS 0x0000000080300000| PB 0x0000000080300000| Complete 
|   4|0x0000000080400000, 0x0000000080500000, 0x0000000080500000|100%| O|  |TAMS 0x0000000080400000| PB 0x0000000080400000| Untracked 
|   5|0x0000000080500000, 0x0000000080600000, 0x0000000080600000|100%| O|  |TAMS 0x0000000080500000| PB 0x0000000080500000| Untracked 
|   6|0x0000000080600000, 0x0000000080700000, 0x0000000080700000|100%| O|  |TAMS 0x0000000080600000| PB 0x0000000080600000| Untracked 
|   7|0x0000000080700000, 0x0000000080800000, 0x0000000080800000|100%| O|  |TAMS 0x0000000080700000| PB 0x0000000080700000| Untracked 
|   8|0x0000000080800000, 0x0000000080900000, 0x0000000080900000|100%| O|  |TAMS 0x0000000080800000| PB 0x0000000080800000| Untracked 
|   9|0x0000000080900000, 0x0000000080a00000, 0x0000000080a00000|100%| O|  |TAMS 0x0000000080900000| PB 0x0000000080900000| Untracked 
|  10|0x0000000080a00000, 0x0000000080b00000, 0x0000000080b00000|100%| O|  |TAMS 0x0000000080a00000| PB 0x0000000080a00000| Untracked 
|  11|0x0000000080b00000, 0x0000000080c00000, 0x0000000080c00000|100%|HS|  |TAMS 0x0000000080b00000| PB 0x0000000080b00000| Complete 
|  12|0x0000000080c00000, 0x0000000080d00000, 0x0000000080d00000|100%| O|  |TAMS 0x0000000080c00000| PB 0x0000000080c00000| Untracked 
|  13|0x0000000080d00000, 0x0000000080e00000, 0x0000000080e00000|100%| O|  |TAMS 0x0000000080d00000| PB 0x0000000080d00000| Untracked 
|  14|0x0000000080e00000, 0x0000000080f00000, 0x0000000080f00000|100%| O|  |TAMS 0x0000000080e00000| PB 0x0000000080e00000| Untracked 
|  15|0x0000000080f00000, 0x0000000081000000, 0x0000000081000000|100%| O|  |TAMS 0x0000000080f00000| PB 0x0000000080f00000| Untracked 
|  16|0x0000000081000000, 0x0000000081100000, 0x0000000081100000|100%| O|  |TAMS 0x0000000081000000| PB 0x0000000081000000| Untracked 
|  17|0x0000000081100000, 0x0000000081200000, 0x0000000081200000|100%| O|  |TAMS 0x0000000081100000| PB 0x0000000081100000| Untracked 
|  18|0x0000000081200000, 0x0000000081300000, 0x0000000081300000|100%| O|  |TAMS 0x0000000081200000| PB 0x0000000081200000| Untracked 
|  19|0x0000000081300000, 0x0000000081400000, 0x0000000081400000|100%| O|  |TAMS 0x0000000081300000| PB 0x0000000081300000| Untracked 
|  20|0x0000000081400000, 0x0000000081500000, 0x0000000081500000|100%| O|  |TAMS 0x0000000081400000| PB 0x0000000081400000| Untracked 
|  21|0x0000000081500000, 0x0000000081600000, 0x0000000081600000|100%| O|  |TAMS 0x0000000081500000| PB 0x0000000081500000| Untracked 
|  22|0x0000000081600000, 0x0000000081700000, 0x0000000081700000|100%| O|  |TAMS 0x0000000081600000| PB 0x0000000081600000| Untracked 
|  23|0x0000000081700000, 0x0000000081800000, 0x0000000081800000|100%| O|  |TAMS 0x0000000081700000| PB 0x0000000081700000| Untracked 
|  24|0x0000000081800000, 0x0000000081900000, 0x0000000081900000|100%| O|  |TAMS 0x0000000081800000| PB 0x0000000081800000| Untracked 
|  25|0x0000000081900000, 0x0000000081a00000, 0x0000000081a00000|100%| O|  |TAMS 0x0000000081900000| PB 0x0000000081900000| Untracked 
|  26|0x0000000081a00000, 0x0000000081b00000, 0x0000000081b00000|100%| O|  |TAMS 0x0000000081a00000| PB 0x0000000081a00000| Untracked 
|  27|0x0000000081b00000, 0x0000000081c00000, 0x0000000081c00000|100%| O|  |TAMS 0x0000000081b00000| PB 0x0000000081b00000| Untracked 
|  28|0x0000000081c00000, 0x0000000081d00000, 0x0000000081d00000|100%| O|  |TAMS 0x0000000081c00000| PB 0x0000000081c00000| Untracked 
|  29|0x0000000081d00000, 0x0000000081e00000, 0x0000000081e00000|100%| O|  |TAMS 0x0000000081d00000| PB 0x0000000081d00000| Untracked 
|  30|0x0000000081e00000, 0x0000000081f00000, 0x0000000081f00000|100%| O|  |TAMS 0x0000000081e00000| PB 0x0000000081e00000| Untracked 
|  31|0x0000000081f00000, 0x0000000082000000, 0x0000000082000000|100%| O|  |TAMS 0x0000000081f00000| PB 0x0000000081f00000| Untracked 
|  32|0x0000000082000000, 0x0000000082100000, 0x0000000082100000|100%| O|  |TAMS 0x0000000082000000| PB 0x0000000082000000| Untracked 
|  33|0x0000000082100000, 0x0000000082200000, 0x0000000082200000|100%| O|  |TAMS 0x0000000082100000| PB 0x0000000082100000| Untracked 
|  34|0x0000000082200000, 0x0000000082300000, 0x0000000082300000|100%| O|  |TAMS 0x0000000082200000| PB 0x0000000082200000| Untracked 
|  35|0x0000000082300000, 0x0000000082400000, 0x0000000082400000|100%| O|  |TAMS 0x0000000082300000| PB 0x0000000082300000| Untracked 
|  36|0x0000000082400000, 0x0000000082500000, 0x0000000082500000|100%| O|  |TAMS 0x0000000082400000| PB 0x0000000082400000| Untracked 
|  37|0x0000000082500000, 0x0000000082600000, 0x0000000082600000|100%| O|  |TAMS 0x0000000082500000| PB 0x0000000082500000| Untracked 
|  38|0x0000000082600000, 0x0000000082700000, 0x0000000082700000|100%| O|  |TAMS 0x0000000082600000| PB 0x0000000082600000| Untracked 
|  39|0x0000000082700000, 0x0000000082800000, 0x0000000082800000|100%| O|  |TAMS 0x0000000082700000| PB 0x0000000082700000| Untracked 
|  40|0x0000000082800000, 0x0000000082900000, 0x0000000082900000|100%| O|  |TAMS 0x0000000082800000| PB 0x0000000082800000| Untracked 
|  41|0x0000000082900000, 0x0000000082a00000, 0x0000000082a00000|100%| O|  |TAMS 0x0000000082900000| PB 0x0000000082900000| Untracked 
|  42|0x0000000082a00000, 0x0000000082b00000, 0x0000000082b00000|100%|HS|  |TAMS 0x0000000082a00000| PB 0x0000000082a00000| Complete 
|  43|0x0000000082b00000, 0x0000000082c00000, 0x0000000082c00000|100%|HS|  |TAMS 0x0000000082b00000| PB 0x0000000082b00000| Complete 
|  44|0x0000000082c00000, 0x0000000082d00000, 0x0000000082d00000|100%|HS|  |TAMS 0x0000000082c00000| PB 0x0000000082c00000| Complete 
|  45|0x0000000082d00000, 0x0000000082e00000, 0x0000000082e00000|100%|HC|  |TAMS 0x0000000082d00000| PB 0x0000000082d00000| Complete 
|  46|0x0000000082e00000, 0x0000000082f00000, 0x0000000082f00000|100%|HS|  |TAMS 0x0000000082e00000| PB 0x0000000082e00000| Complete 
|  47|0x0000000082f00000, 0x0000000083000000, 0x0000000083000000|100%|HS|  |TAMS 0x0000000082f00000| PB 0x0000000082f00000| Complete 
|  48|0x0000000083000000, 0x0000000083100000, 0x0000000083100000|100%| O|  |TAMS 0x0000000083000000| PB 0x0000000083000000| Untracked 
|  49|0x0000000083100000, 0x0000000083200000, 0x0000000083200000|100%| O|  |TAMS 0x0000000083100000| PB 0x0000000083100000| Untracked 
|  50|0x0000000083200000, 0x0000000083300000, 0x0000000083300000|100%|HS|  |TAMS 0x0000000083200000| PB 0x0000000083200000| Complete 
|  51|0x0000000083300000, 0x0000000083400000, 0x0000000083400000|100%|HS|  |TAMS 0x0000000083300000| PB 0x0000000083300000| Complete 
|  52|0x0000000083400000, 0x0000000083500000, 0x0000000083500000|100%|HS|  |TAMS 0x0000000083400000| PB 0x0000000083400000| Complete 
|  53|0x0000000083500000, 0x0000000083600000, 0x0000000083600000|100%|HC|  |TAMS 0x0000000083500000| PB 0x0000000083500000| Complete 
|  54|0x0000000083600000, 0x0000000083700000, 0x0000000083700000|100%| O|  |TAMS 0x0000000083600000| PB 0x0000000083600000| Untracked 
|  55|0x0000000083700000, 0x0000000083800000, 0x0000000083800000|100%| O|  |TAMS 0x0000000083700000| PB 0x0000000083700000| Untracked 
|  56|0x0000000083800000, 0x0000000083900000, 0x0000000083900000|100%| O|  |TAMS 0x0000000083800000| PB 0x0000000083800000| Untracked 
|  57|0x0000000083900000, 0x0000000083a00000, 0x0000000083a00000|100%| O|  |TAMS 0x0000000083900000| PB 0x0000000083900000| Untracked 
|  58|0x0000000083a00000, 0x0000000083b00000, 0x0000000083b00000|100%|HS|  |TAMS 0x0000000083a00000| PB 0x0000000083a00000| Complete 
|  59|0x0000000083b00000, 0x0000000083c00000, 0x0000000083c00000|100%| O|  |TAMS 0x0000000083b00000| PB 0x0000000083b00000| Untracked 
|  60|0x0000000083c00000, 0x0000000083d00000, 0x0000000083d00000|100%| O|  |TAMS 0x0000000083c00000| PB 0x0000000083c00000| Untracked 
|  61|0x0000000083d00000, 0x0000000083e00000, 0x0000000083e00000|100%| O|  |TAMS 0x0000000083d00000| PB 0x0000000083d00000| Untracked 
|  62|0x0000000083e00000, 0x0000000083f00000, 0x0000000083f00000|100%| O|  |TAMS 0x0000000083e00000| PB 0x0000000083e00000| Untracked 
|  63|0x0000000083f00000, 0x0000000084000000, 0x0000000084000000|100%| O|  |TAMS 0x0000000083f00000| PB 0x0000000083f00000| Untracked 
|  64|0x0000000084000000, 0x0000000084100000, 0x0000000084100000|100%| O|  |TAMS 0x0000000084000000| PB 0x0000000084000000| Untracked 
|  65|0x0000000084100000, 0x0000000084200000, 0x0000000084200000|100%| O|  |TAMS 0x0000000084100000| PB 0x0000000084100000| Untracked 
|  66|0x0000000084200000, 0x0000000084300000, 0x0000000084300000|100%| O|  |TAMS 0x0000000084200000| PB 0x0000000084200000| Untracked 
|  67|0x0000000084300000, 0x0000000084400000, 0x0000000084400000|100%| O|  |TAMS 0x0000000084300000| PB 0x0000000084300000| Untracked 
|  68|0x0000000084400000, 0x0000000084500000, 0x0000000084500000|100%| O|  |TAMS 0x0000000084400000| PB 0x0000000084400000| Untracked 
|  69|0x0000000084500000, 0x0000000084600000, 0x0000000084600000|100%| O|  |TAMS 0x0000000084500000| PB 0x0000000084500000| Untracked 
|  70|0x0000000084600000, 0x0000000084700000, 0x0000000084700000|100%| O|  |TAMS 0x0000000084600000| PB 0x0000000084600000| Untracked 
|  71|0x0000000084700000, 0x0000000084800000, 0x0000000084800000|100%| O|  |TAMS 0x0000000084700000| PB 0x0000000084700000| Untracked 
|  72|0x0000000084800000, 0x0000000084900000, 0x0000000084900000|100%| O|  |TAMS 0x0000000084800000| PB 0x0000000084800000| Untracked 
|  73|0x0000000084900000, 0x0000000084a00000, 0x0000000084a00000|100%| O|  |TAMS 0x0000000084900000| PB 0x0000000084900000| Untracked 
|  74|0x0000000084a00000, 0x0000000084b00000, 0x0000000084b00000|100%| O|Cm|TAMS 0x0000000084a00000| PB 0x0000000084a00000| Complete 
|  75|0x0000000084b00000, 0x0000000084c00000, 0x0000000084c00000|100%| O|  |TAMS 0x0000000084b00000| PB 0x0000000084b00000| Untracked 
|  76|0x0000000084c00000, 0x0000000084d00000, 0x0000000084d00000|100%| O|  |TAMS 0x0000000084c00000| PB 0x0000000084c00000| Untracked 
|  77|0x0000000084d00000, 0x0000000084e00000, 0x0000000084e00000|100%| O|  |TAMS 0x0000000084d00000| PB 0x0000000084d00000| Untracked 
|  78|0x0000000084e00000, 0x0000000084f00000, 0x0000000084f00000|100%| O|  |TAMS 0x0000000084e00000| PB 0x0000000084e00000| Untracked 
|  79|0x0000000084f00000, 0x0000000085000000, 0x0000000085000000|100%|HS|  |TAMS 0x0000000084f00000| PB 0x0000000084f00000| Complete 
|  80|0x0000000085000000, 0x0000000085100000, 0x0000000085100000|100%| O|  |TAMS 0x0000000085000000| PB 0x0000000085000000| Untracked 
|  81|0x0000000085100000, 0x0000000085200000, 0x0000000085200000|100%|HS|  |TAMS 0x0000000085100000| PB 0x0000000085100000| Complete 
|  82|0x0000000085200000, 0x0000000085300000, 0x0000000085300000|100%| O|  |TAMS 0x0000000085200000| PB 0x0000000085200000| Untracked 
|  83|0x0000000085300000, 0x0000000085400000, 0x0000000085400000|100%| O|  |TAMS 0x0000000085300000| PB 0x0000000085300000| Untracked 
|  84|0x0000000085400000, 0x0000000085500000, 0x0000000085500000|100%| O|  |TAMS 0x0000000085400000| PB 0x0000000085400000| Untracked 
|  85|0x0000000085500000, 0x0000000085600000, 0x0000000085600000|100%| O|  |TAMS 0x0000000085500000| PB 0x0000000085500000| Untracked 
|  86|0x0000000085600000, 0x0000000085700000, 0x0000000085700000|100%| O|  |TAMS 0x0000000085600000| PB 0x0000000085600000| Untracked 
|  87|0x0000000085700000, 0x0000000085800000, 0x0000000085800000|100%| O|  |TAMS 0x0000000085700000| PB 0x0000000085700000| Untracked 
|  88|0x0000000085800000, 0x0000000085900000, 0x0000000085900000|100%| O|  |TAMS 0x0000000085800000| PB 0x0000000085800000| Untracked 
|  89|0x0000000085900000, 0x0000000085a00000, 0x0000000085a00000|100%| O|  |TAMS 0x0000000085900000| PB 0x0000000085900000| Untracked 
|  90|0x0000000085a00000, 0x0000000085b00000, 0x0000000085b00000|100%| O|  |TAMS 0x0000000085a00000| PB 0x0000000085a00000| Untracked 
|  91|0x0000000085b00000, 0x0000000085c00000, 0x0000000085c00000|100%| O|  |TAMS 0x0000000085b00000| PB 0x0000000085b00000| Untracked 
|  92|0x0000000085c00000, 0x0000000085d00000, 0x0000000085d00000|100%| O|  |TAMS 0x0000000085c00000| PB 0x0000000085c00000| Untracked 
|  93|0x0000000085d00000, 0x0000000085e00000, 0x0000000085e00000|100%| O|  |TAMS 0x0000000085d00000| PB 0x0000000085d00000| Untracked 
|  94|0x0000000085e00000, 0x0000000085f00000, 0x0000000085f00000|100%| O|  |TAMS 0x0000000085e00000| PB 0x0000000085e00000| Untracked 
|  95|0x0000000085f00000, 0x0000000086000000, 0x0000000086000000|100%| O|  |TAMS 0x0000000085f00000| PB 0x0000000085f00000| Untracked 
|  96|0x0000000086000000, 0x0000000086100000, 0x0000000086100000|100%| O|  |TAMS 0x0000000086000000| PB 0x0000000086000000| Untracked 
|  97|0x0000000086100000, 0x0000000086200000, 0x0000000086200000|100%| O|  |TAMS 0x0000000086100000| PB 0x0000000086100000| Untracked 
|  98|0x0000000086200000, 0x0000000086300000, 0x0000000086300000|100%| O|  |TAMS 0x0000000086200000| PB 0x0000000086200000| Untracked 
|  99|0x0000000086300000, 0x0000000086400000, 0x0000000086400000|100%|HS|  |TAMS 0x0000000086300000| PB 0x0000000086300000| Complete 
| 100|0x0000000086400000, 0x0000000086500000, 0x0000000086500000|100%| O|  |TAMS 0x0000000086400000| PB 0x0000000086400000| Untracked 
| 101|0x0000000086500000, 0x0000000086600000, 0x0000000086600000|100%| O|  |TAMS 0x0000000086500000| PB 0x0000000086500000| Untracked 
| 102|0x0000000086600000, 0x0000000086700000, 0x0000000086700000|100%|HS|  |TAMS 0x0000000086600000| PB 0x0000000086600000| Complete 
| 103|0x0000000086700000, 0x0000000086800000, 0x0000000086800000|100%| O|  |TAMS 0x0000000086700000| PB 0x0000000086700000| Untracked 
| 104|0x0000000086800000, 0x0000000086900000, 0x0000000086900000|100%| O|  |TAMS 0x0000000086800000| PB 0x0000000086800000| Untracked 
| 105|0x0000000086900000, 0x0000000086a00000, 0x0000000086a00000|100%| O|  |TAMS 0x0000000086900000| PB 0x0000000086900000| Untracked 
| 106|0x0000000086a00000, 0x0000000086b00000, 0x0000000086b00000|100%| O|Cm|TAMS 0x0000000086a00000| PB 0x0000000086a00000| Complete 
| 107|0x0000000086b00000, 0x0000000086c00000, 0x0000000086c00000|100%| O|  |TAMS 0x0000000086b00000| PB 0x0000000086b00000| Untracked 
| 108|0x0000000086c00000, 0x0000000086d00000, 0x0000000086d00000|100%| O|  |TAMS 0x0000000086c00000| PB 0x0000000086c00000| Untracked 
| 109|0x0000000086d00000, 0x0000000086e00000, 0x0000000086e00000|100%| O|  |TAMS 0x0000000086d00000| PB 0x0000000086d00000| Untracked 
| 110|0x0000000086e00000, 0x0000000086f00000, 0x0000000086f00000|100%| O|  |TAMS 0x0000000086e00000| PB 0x0000000086e00000| Untracked 
| 111|0x0000000086f00000, 0x0000000087000000, 0x0000000087000000|100%| O|Cm|TAMS 0x0000000086f00000| PB 0x0000000086f00000| Complete 
| 112|0x0000000087000000, 0x0000000087100000, 0x0000000087100000|100%| O|  |TAMS 0x0000000087000000| PB 0x0000000087000000| Untracked 
| 113|0x0000000087100000, 0x0000000087200000, 0x0000000087200000|100%| O|  |TAMS 0x0000000087100000| PB 0x0000000087100000| Untracked 
| 114|0x0000000087200000, 0x0000000087300000, 0x0000000087300000|100%| O|  |TAMS 0x0000000087200000| PB 0x0000000087200000| Untracked 
| 115|0x0000000087300000, 0x0000000087400000, 0x0000000087400000|100%|HS|  |TAMS 0x0000000087300000| PB 0x0000000087300000| Complete 
| 116|0x0000000087400000, 0x0000000087500000, 0x0000000087500000|100%|HC|  |TAMS 0x0000000087400000| PB 0x0000000087400000| Complete 
| 117|0x0000000087500000, 0x0000000087600000, 0x0000000087600000|100%|HC|  |TAMS 0x0000000087500000| PB 0x0000000087500000| Complete 
| 118|0x0000000087600000, 0x0000000087700000, 0x0000000087700000|100%| O|  |TAMS 0x0000000087600000| PB 0x0000000087600000| Untracked 
| 119|0x0000000087700000, 0x0000000087800000, 0x0000000087800000|100%| O|  |TAMS 0x0000000087700000| PB 0x0000000087700000| Untracked 
| 120|0x0000000087800000, 0x0000000087900000, 0x0000000087900000|100%| O|  |TAMS 0x0000000087800000| PB 0x0000000087800000| Untracked 
| 121|0x0000000087900000, 0x0000000087a00000, 0x0000000087a00000|100%| O|  |TAMS 0x0000000087900000| PB 0x0000000087900000| Untracked 
| 122|0x0000000087a00000, 0x0000000087b00000, 0x0000000087b00000|100%| O|  |TAMS 0x0000000087a00000| PB 0x0000000087a00000| Untracked 
| 123|0x0000000087b00000, 0x0000000087c00000, 0x0000000087c00000|100%| O|  |TAMS 0x0000000087b00000| PB 0x0000000087b00000| Untracked 
| 124|0x0000000087c00000, 0x0000000087d00000, 0x0000000087d00000|100%| O|  |TAMS 0x0000000087c00000| PB 0x0000000087c00000| Untracked 
| 125|0x0000000087d00000, 0x0000000087e00000, 0x0000000087e00000|100%| O|  |TAMS 0x0000000087d00000| PB 0x0000000087d00000| Untracked 
| 126|0x0000000087e00000, 0x0000000087f00000, 0x0000000087f00000|100%| O|  |TAMS 0x0000000087e00000| PB 0x0000000087e00000| Untracked 
| 127|0x0000000087f00000, 0x0000000088000000, 0x0000000088000000|100%| O|  |TAMS 0x0000000087f00000| PB 0x0000000087f00000| Untracked 
| 128|0x0000000088000000, 0x0000000088100000, 0x0000000088100000|100%| O|Cm|TAMS 0x0000000088000000| PB 0x0000000088000000| Complete 
| 129|0x0000000088100000, 0x0000000088200000, 0x0000000088200000|100%| O|  |TAMS 0x0000000088100000| PB 0x0000000088100000| Untracked 
| 130|0x0000000088200000, 0x0000000088300000, 0x0000000088300000|100%| O|  |TAMS 0x0000000088200000| PB 0x0000000088200000| Untracked 
| 131|0x0000000088300000, 0x0000000088400000, 0x0000000088400000|100%| O|Cm|TAMS 0x0000000088300000| PB 0x0000000088300000| Complete 
| 132|0x0000000088400000, 0x0000000088500000, 0x0000000088500000|100%| O|Cm|TAMS 0x0000000088400000| PB 0x0000000088400000| Complete 
| 133|0x0000000088500000, 0x0000000088600000, 0x0000000088600000|100%| O|  |TAMS 0x0000000088500000| PB 0x0000000088500000| Untracked 
| 134|0x0000000088600000, 0x0000000088700000, 0x0000000088700000|100%| O|  |TAMS 0x0000000088600000| PB 0x0000000088600000| Untracked 
| 135|0x0000000088700000, 0x0000000088800000, 0x0000000088800000|100%| O|  |TAMS 0x0000000088700000| PB 0x0000000088700000| Untracked 
| 136|0x0000000088800000, 0x0000000088900000, 0x0000000088900000|100%| O|  |TAMS 0x0000000088800000| PB 0x0000000088800000| Untracked 
| 137|0x0000000088900000, 0x0000000088a00000, 0x0000000088a00000|100%| O|  |TAMS 0x0000000088900000| PB 0x0000000088900000| Untracked 
| 138|0x0000000088a00000, 0x0000000088b00000, 0x0000000088b00000|100%| O|  |TAMS 0x0000000088a00000| PB 0x0000000088a00000| Untracked 
| 139|0x0000000088b00000, 0x0000000088c00000, 0x0000000088c00000|100%| O|  |TAMS 0x0000000088b00000| PB 0x0000000088b00000| Untracked 
| 140|0x0000000088c00000, 0x0000000088d00000, 0x0000000088d00000|100%| O|  |TAMS 0x0000000088c00000| PB 0x0000000088c00000| Untracked 
| 141|0x0000000088d00000, 0x0000000088e00000, 0x0000000088e00000|100%| O|  |TAMS 0x0000000088d00000| PB 0x0000000088d00000| Untracked 
| 142|0x0000000088e00000, 0x0000000088f00000, 0x0000000088f00000|100%| O|Cm|TAMS 0x0000000088e00000| PB 0x0000000088e00000| Complete 
| 143|0x0000000088f00000, 0x0000000089000000, 0x0000000089000000|100%| O|  |TAMS 0x0000000088f00000| PB 0x0000000088f00000| Untracked 
| 144|0x0000000089000000, 0x0000000089100000, 0x0000000089100000|100%| O|  |TAMS 0x0000000089000000| PB 0x0000000089000000| Untracked 
| 145|0x0000000089100000, 0x0000000089200000, 0x0000000089200000|100%| O|  |TAMS 0x0000000089100000| PB 0x0000000089100000| Untracked 
| 146|0x0000000089200000, 0x0000000089300000, 0x0000000089300000|100%| O|  |TAMS 0x0000000089200000| PB 0x0000000089200000| Untracked 
| 147|0x0000000089300000, 0x0000000089400000, 0x0000000089400000|100%| O|Cm|TAMS 0x0000000089300000| PB 0x0000000089300000| Complete 
| 148|0x0000000089400000, 0x0000000089500000, 0x0000000089500000|100%| O|Cm|TAMS 0x0000000089400000| PB 0x0000000089400000| Complete 
| 149|0x0000000089500000, 0x0000000089600000, 0x0000000089600000|100%| O|  |TAMS 0x0000000089500000| PB 0x0000000089500000| Untracked 
| 150|0x0000000089600000, 0x0000000089700000, 0x0000000089700000|100%| O|  |TAMS 0x0000000089600000| PB 0x0000000089600000| Untracked 
| 151|0x0000000089700000, 0x0000000089800000, 0x0000000089800000|100%| O|  |TAMS 0x0000000089700000| PB 0x0000000089700000| Untracked 
| 152|0x0000000089800000, 0x0000000089900000, 0x0000000089900000|100%| O|  |TAMS 0x0000000089800000| PB 0x0000000089800000| Untracked 
| 153|0x0000000089900000, 0x0000000089a00000, 0x0000000089a00000|100%| O|  |TAMS 0x0000000089900000| PB 0x0000000089900000| Untracked 
| 154|0x0000000089a00000, 0x0000000089b00000, 0x0000000089b00000|100%| O|  |TAMS 0x0000000089a00000| PB 0x0000000089a00000| Untracked 
| 155|0x0000000089b00000, 0x0000000089c00000, 0x0000000089c00000|100%|HS|  |TAMS 0x0000000089b00000| PB 0x0000000089b00000| Complete 
| 156|0x0000000089c00000, 0x0000000089d00000, 0x0000000089d00000|100%|HC|  |TAMS 0x0000000089c00000| PB 0x0000000089c00000| Complete 
| 157|0x0000000089d00000, 0x0000000089e00000, 0x0000000089e00000|100%|HC|  |TAMS 0x0000000089d00000| PB 0x0000000089d00000| Complete 
| 158|0x0000000089e00000, 0x0000000089f00000, 0x0000000089f00000|100%|HC|  |TAMS 0x0000000089e00000| PB 0x0000000089e00000| Complete 
| 159|0x0000000089f00000, 0x000000008a000000, 0x000000008a000000|100%| O|  |TAMS 0x0000000089f00000| PB 0x0000000089f00000| Untracked 
| 160|0x000000008a000000, 0x000000008a100000, 0x000000008a100000|100%| O|  |TAMS 0x000000008a000000| PB 0x000000008a000000| Untracked 
| 161|0x000000008a100000, 0x000000008a200000, 0x000000008a200000|100%| O|Cm|TAMS 0x000000008a100000| PB 0x000000008a100000| Complete 
| 162|0x000000008a200000, 0x000000008a300000, 0x000000008a300000|100%| O|  |TAMS 0x000000008a200000| PB 0x000000008a200000| Untracked 
| 163|0x000000008a300000, 0x000000008a400000, 0x000000008a400000|100%| O|  |TAMS 0x000000008a300000| PB 0x000000008a300000| Untracked 
| 164|0x000000008a400000, 0x000000008a500000, 0x000000008a500000|100%| O|  |TAMS 0x000000008a400000| PB 0x000000008a400000| Untracked 
| 165|0x000000008a500000, 0x000000008a600000, 0x000000008a600000|100%| O|  |TAMS 0x000000008a500000| PB 0x000000008a500000| Untracked 
| 166|0x000000008a600000, 0x000000008a700000, 0x000000008a700000|100%| O|  |TAMS 0x000000008a600000| PB 0x000000008a600000| Untracked 
| 167|0x000000008a700000, 0x000000008a800000, 0x000000008a800000|100%| O|  |TAMS 0x000000008a700000| PB 0x000000008a700000| Untracked 
| 168|0x000000008a800000, 0x000000008a900000, 0x000000008a900000|100%| O|  |TAMS 0x000000008a800000| PB 0x000000008a800000| Untracked 
| 169|0x000000008a900000, 0x000000008aa00000, 0x000000008aa00000|100%| O|  |TAMS 0x000000008a900000| PB 0x000000008a900000| Untracked 
| 170|0x000000008aa00000, 0x000000008ab00000, 0x000000008ab00000|100%| O|  |TAMS 0x000000008aa00000| PB 0x000000008aa00000| Untracked 
| 171|0x000000008ab00000, 0x000000008ac00000, 0x000000008ac00000|100%| O|  |TAMS 0x000000008ab00000| PB 0x000000008ab00000| Untracked 
| 172|0x000000008ac00000, 0x000000008ad00000, 0x000000008ad00000|100%| O|  |TAMS 0x000000008ac00000| PB 0x000000008ac00000| Untracked 
| 173|0x000000008ad00000, 0x000000008ae00000, 0x000000008ae00000|100%| O|  |TAMS 0x000000008ad00000| PB 0x000000008ad00000| Untracked 
| 174|0x000000008ae00000, 0x000000008af00000, 0x000000008af00000|100%| O|  |TAMS 0x000000008ae00000| PB 0x000000008ae00000| Untracked 
| 175|0x000000008af00000, 0x000000008b000000, 0x000000008b000000|100%| O|  |TAMS 0x000000008af00000| PB 0x000000008af00000| Untracked 
| 176|0x000000008b000000, 0x000000008b100000, 0x000000008b100000|100%| O|  |TAMS 0x000000008b000000| PB 0x000000008b000000| Untracked 
| 177|0x000000008b100000, 0x000000008b200000, 0x000000008b200000|100%| O|  |TAMS 0x000000008b100000| PB 0x000000008b100000| Untracked 
| 178|0x000000008b200000, 0x000000008b300000, 0x000000008b300000|100%| O|  |TAMS 0x000000008b200000| PB 0x000000008b200000| Untracked 
| 179|0x000000008b300000, 0x000000008b400000, 0x000000008b400000|100%| O|  |TAMS 0x000000008b300000| PB 0x000000008b300000| Untracked 
| 180|0x000000008b400000, 0x000000008b500000, 0x000000008b500000|100%| O|  |TAMS 0x000000008b400000| PB 0x000000008b400000| Untracked 
| 181|0x000000008b500000, 0x000000008b600000, 0x000000008b600000|100%| O|  |TAMS 0x000000008b500000| PB 0x000000008b500000| Untracked 
| 182|0x000000008b600000, 0x000000008b700000, 0x000000008b700000|100%| O|  |TAMS 0x000000008b600000| PB 0x000000008b600000| Untracked 
| 183|0x000000008b700000, 0x000000008b800000, 0x000000008b800000|100%| O|  |TAMS 0x000000008b700000| PB 0x000000008b700000| Untracked 
| 184|0x000000008b800000, 0x000000008b900000, 0x000000008b900000|100%| O|Cm|TAMS 0x000000008b800000| PB 0x000000008b800000| Complete 
| 185|0x000000008b900000, 0x000000008ba00000, 0x000000008ba00000|100%| O|Cm|TAMS 0x000000008b900000| PB 0x000000008b900000| Complete 
| 186|0x000000008ba00000, 0x000000008bb00000, 0x000000008bb00000|100%| O|  |TAMS 0x000000008ba00000| PB 0x000000008ba00000| Untracked 
| 187|0x000000008bb00000, 0x000000008bc00000, 0x000000008bc00000|100%| O|  |TAMS 0x000000008bb00000| PB 0x000000008bb00000| Untracked 
| 188|0x000000008bc00000, 0x000000008bd00000, 0x000000008bd00000|100%| O|  |TAMS 0x000000008bc00000| PB 0x000000008bc00000| Untracked 
| 189|0x000000008bd00000, 0x000000008be00000, 0x000000008be00000|100%| O|Cm|TAMS 0x000000008bd00000| PB 0x000000008bd00000| Complete 
| 190|0x000000008be00000, 0x000000008bf00000, 0x000000008bf00000|100%| O|  |TAMS 0x000000008be00000| PB 0x000000008be00000| Untracked 
| 191|0x000000008bf00000, 0x000000008c000000, 0x000000008c000000|100%| O|Cm|TAMS 0x000000008bf00000| PB 0x000000008bf00000| Complete 
| 192|0x000000008c000000, 0x000000008c100000, 0x000000008c100000|100%| O|Cm|TAMS 0x000000008c000000| PB 0x000000008c000000| Complete 
| 193|0x000000008c100000, 0x000000008c200000, 0x000000008c200000|100%| O|Cm|TAMS 0x000000008c100000| PB 0x000000008c100000| Complete 
| 194|0x000000008c200000, 0x000000008c300000, 0x000000008c300000|100%| O|  |TAMS 0x000000008c200000| PB 0x000000008c200000| Untracked 
| 195|0x000000008c300000, 0x000000008c400000, 0x000000008c400000|100%| O|  |TAMS 0x000000008c300000| PB 0x000000008c300000| Untracked 
| 196|0x000000008c400000, 0x000000008c500000, 0x000000008c500000|100%| O|  |TAMS 0x000000008c400000| PB 0x000000008c400000| Untracked 
| 197|0x000000008c500000, 0x000000008c600000, 0x000000008c600000|100%| O|Cm|TAMS 0x000000008c500000| PB 0x000000008c500000| Complete 
| 198|0x000000008c600000, 0x000000008c700000, 0x000000008c700000|100%| O|Cm|TAMS 0x000000008c600000| PB 0x000000008c600000| Complete 
| 199|0x000000008c700000, 0x000000008c800000, 0x000000008c800000|100%| O|  |TAMS 0x000000008c700000| PB 0x000000008c700000| Untracked 
| 200|0x000000008c800000, 0x000000008c900000, 0x000000008c900000|100%| O|  |TAMS 0x000000008c800000| PB 0x000000008c800000| Untracked 
| 201|0x000000008c900000, 0x000000008ca00000, 0x000000008ca00000|100%| O|  |TAMS 0x000000008c900000| PB 0x000000008c900000| Untracked 
| 202|0x000000008ca00000, 0x000000008cb00000, 0x000000008cb00000|100%| O|Cm|TAMS 0x000000008ca00000| PB 0x000000008ca00000| Complete 
| 203|0x000000008cb00000, 0x000000008cc00000, 0x000000008cc00000|100%| O|Cm|TAMS 0x000000008cb00000| PB 0x000000008cb00000| Complete 
| 204|0x000000008cc00000, 0x000000008cd00000, 0x000000008cd00000|100%|HS|  |TAMS 0x000000008cc00000| PB 0x000000008cc00000| Complete 
| 205|0x000000008cd00000, 0x000000008ce00000, 0x000000008ce00000|100%| O|  |TAMS 0x000000008cd00000| PB 0x000000008cd00000| Untracked 
| 206|0x000000008ce00000, 0x000000008cf00000, 0x000000008cf00000|100%| O|  |TAMS 0x000000008ce00000| PB 0x000000008ce00000| Untracked 
| 207|0x000000008cf00000, 0x000000008d000000, 0x000000008d000000|100%| O|  |TAMS 0x000000008cf00000| PB 0x000000008cf00000| Untracked 
| 208|0x000000008d000000, 0x000000008d100000, 0x000000008d100000|100%| O|  |TAMS 0x000000008d000000| PB 0x000000008d000000| Untracked 
| 209|0x000000008d100000, 0x000000008d200000, 0x000000008d200000|100%| O|  |TAMS 0x000000008d100000| PB 0x000000008d100000| Untracked 
| 210|0x000000008d200000, 0x000000008d300000, 0x000000008d300000|100%| O|  |TAMS 0x000000008d200000| PB 0x000000008d200000| Untracked 
| 211|0x000000008d300000, 0x000000008d400000, 0x000000008d400000|100%| O|Cm|TAMS 0x000000008d300000| PB 0x000000008d300000| Complete 
| 212|0x000000008d400000, 0x000000008d500000, 0x000000008d500000|100%|HS|  |TAMS 0x000000008d400000| PB 0x000000008d400000| Complete 
| 213|0x000000008d500000, 0x000000008d600000, 0x000000008d600000|100%| O|  |TAMS 0x000000008d500000| PB 0x000000008d500000| Untracked 
| 214|0x000000008d600000, 0x000000008d700000, 0x000000008d700000|100%| O|  |TAMS 0x000000008d600000| PB 0x000000008d600000| Untracked 
| 215|0x000000008d700000, 0x000000008d800000, 0x000000008d800000|100%| O|Cm|TAMS 0x000000008d700000| PB 0x000000008d700000| Complete 
| 216|0x000000008d800000, 0x000000008d900000, 0x000000008d900000|100%| O|Cm|TAMS 0x000000008d800000| PB 0x000000008d800000| Complete 
| 217|0x000000008d900000, 0x000000008da00000, 0x000000008da00000|100%| O|Cm|TAMS 0x000000008d900000| PB 0x000000008d900000| Complete 
| 218|0x000000008da00000, 0x000000008db00000, 0x000000008db00000|100%| O|  |TAMS 0x000000008da00000| PB 0x000000008da00000| Untracked 
| 219|0x000000008db00000, 0x000000008dc00000, 0x000000008dc00000|100%| O|  |TAMS 0x000000008db00000| PB 0x000000008db00000| Untracked 
| 220|0x000000008dc00000, 0x000000008dd00000, 0x000000008dd00000|100%| O|Cm|TAMS 0x000000008dc00000| PB 0x000000008dc00000| Complete 
| 221|0x000000008dd00000, 0x000000008de00000, 0x000000008de00000|100%| O|Cm|TAMS 0x000000008dd00000| PB 0x000000008dd00000| Complete 
| 222|0x000000008de00000, 0x000000008df00000, 0x000000008df00000|100%| O|Cm|TAMS 0x000000008de00000| PB 0x000000008de00000| Complete 
| 223|0x000000008df00000, 0x000000008e000000, 0x000000008e000000|100%| O|Cm|TAMS 0x000000008df00000| PB 0x000000008df00000| Complete 
| 224|0x000000008e000000, 0x000000008e100000, 0x000000008e100000|100%| O|Cm|TAMS 0x000000008e000000| PB 0x000000008e000000| Complete 
| 225|0x000000008e100000, 0x000000008e200000, 0x000000008e200000|100%| O|  |TAMS 0x000000008e100000| PB 0x000000008e100000| Untracked 
| 226|0x000000008e200000, 0x000000008e300000, 0x000000008e300000|100%|HS|  |TAMS 0x000000008e200000| PB 0x000000008e200000| Complete 
| 227|0x000000008e300000, 0x000000008e400000, 0x000000008e400000|100%| O|Cm|TAMS 0x000000008e300000| PB 0x000000008e300000| Complete 
| 228|0x000000008e400000, 0x000000008e500000, 0x000000008e500000|100%| O|Cm|TAMS 0x000000008e400000| PB 0x000000008e400000| Complete 
| 229|0x000000008e500000, 0x000000008e600000, 0x000000008e600000|100%|HS|  |TAMS 0x000000008e500000| PB 0x000000008e500000| Complete 
| 230|0x000000008e600000, 0x000000008e700000, 0x000000008e700000|100%| O|  |TAMS 0x000000008e600000| PB 0x000000008e600000| Untracked 
| 231|0x000000008e700000, 0x000000008e800000, 0x000000008e800000|100%| O|  |TAMS 0x000000008e700000| PB 0x000000008e700000| Untracked 
| 232|0x000000008e800000, 0x000000008e900000, 0x000000008e900000|100%| O|Cm|TAMS 0x000000008e800000| PB 0x000000008e800000| Complete 
| 233|0x000000008e900000, 0x000000008ea00000, 0x000000008ea00000|100%|HS|  |TAMS 0x000000008e900000| PB 0x000000008e900000| Complete 
| 234|0x000000008ea00000, 0x000000008eb00000, 0x000000008eb00000|100%|HC|  |TAMS 0x000000008ea00000| PB 0x000000008ea00000| Complete 
| 235|0x000000008eb00000, 0x000000008ec00000, 0x000000008ec00000|100%|HC|  |TAMS 0x000000008eb00000| PB 0x000000008eb00000| Complete 
| 236|0x000000008ec00000, 0x000000008ed00000, 0x000000008ed00000|100%|HC|  |TAMS 0x000000008ec00000| PB 0x000000008ec00000| Complete 
| 237|0x000000008ed00000, 0x000000008ee00000, 0x000000008ee00000|100%|HC|  |TAMS 0x000000008ed00000| PB 0x000000008ed00000| Complete 
| 238|0x000000008ee00000, 0x000000008ef00000, 0x000000008ef00000|100%|HC|  |TAMS 0x000000008ee00000| PB 0x000000008ee00000| Complete 
| 239|0x000000008ef00000, 0x000000008f000000, 0x000000008f000000|100%| O|Cm|TAMS 0x000000008ef00000| PB 0x000000008ef00000| Complete 
| 240|0x000000008f000000, 0x000000008f100000, 0x000000008f100000|100%|HS|  |TAMS 0x000000008f000000| PB 0x000000008f000000| Complete 
| 241|0x000000008f100000, 0x000000008f200000, 0x000000008f200000|100%| O|  |TAMS 0x000000008f100000| PB 0x000000008f100000| Untracked 
| 242|0x000000008f200000, 0x000000008f300000, 0x000000008f300000|100%| O|  |TAMS 0x000000008f200000| PB 0x000000008f200000| Untracked 
| 243|0x000000008f300000, 0x000000008f400000, 0x000000008f400000|100%| O|Cm|TAMS 0x000000008f300000| PB 0x000000008f300000| Complete 
| 244|0x000000008f400000, 0x000000008f500000, 0x000000008f500000|100%| O|Cm|TAMS 0x000000008f400000| PB 0x000000008f400000| Complete 
| 245|0x000000008f500000, 0x000000008f500000, 0x000000008f600000|  0%| F|  |TAMS 0x000000008f500000| PB 0x000000008f500000| Untracked 
| 246|0x000000008f600000, 0x000000008f700000, 0x000000008f700000|100%| O|Cm|TAMS 0x000000008f600000| PB 0x000000008f600000| Complete 
| 247|0x000000008f700000, 0x000000008f800000, 0x000000008f800000|100%| O|Cm|TAMS 0x000000008f700000| PB 0x000000008f700000| Complete 
| 248|0x000000008f800000, 0x000000008f900000, 0x000000008f900000|100%| O|Cm|TAMS 0x000000008f800000| PB 0x000000008f800000| Complete 
| 249|0x000000008f900000, 0x000000008fa00000, 0x000000008fa00000|100%|HS|  |TAMS 0x000000008f900000| PB 0x000000008f900000| Complete 
| 250|0x000000008fa00000, 0x000000008fb00000, 0x000000008fb00000|100%|HC|  |TAMS 0x000000008fa00000| PB 0x000000008fa00000| Complete 
| 251|0x000000008fb00000, 0x000000008fc00000, 0x000000008fc00000|100%| O|Cm|TAMS 0x000000008fb00000| PB 0x000000008fb00000| Complete 
| 252|0x000000008fc00000, 0x000000008fd00000, 0x000000008fd00000|100%| O|Cm|TAMS 0x000000008fc00000| PB 0x000000008fc00000| Complete 
| 253|0x000000008fd00000, 0x000000008fe00000, 0x000000008fe00000|100%| O|  |TAMS 0x000000008fd00000| PB 0x000000008fd00000| Untracked 
| 254|0x000000008fe00000, 0x000000008ff00000, 0x000000008ff00000|100%| O|Cm|TAMS 0x000000008fe00000| PB 0x000000008fe00000| Complete 
| 255|0x000000008ff00000, 0x0000000090000000, 0x0000000090000000|100%| O|  |TAMS 0x000000008ff00000| PB 0x000000008ff00000| Untracked 
| 256|0x0000000090000000, 0x0000000090100000, 0x0000000090100000|100%| O|Cm|TAMS 0x0000000090000000| PB 0x0000000090000000| Complete 
| 257|0x0000000090100000, 0x0000000090200000, 0x0000000090200000|100%| O|  |TAMS 0x0000000090100000| PB 0x0000000090100000| Untracked 
| 258|0x0000000090200000, 0x0000000090300000, 0x0000000090300000|100%| O|Cm|TAMS 0x0000000090200000| PB 0x0000000090200000| Complete 
| 259|0x0000000090300000, 0x0000000090400000, 0x0000000090400000|100%| O|  |TAMS 0x0000000090300000| PB 0x0000000090300000| Untracked 
| 260|0x0000000090400000, 0x0000000090500000, 0x0000000090500000|100%| O|  |TAMS 0x0000000090400000| PB 0x0000000090400000| Untracked 
| 261|0x0000000090500000, 0x0000000090600000, 0x0000000090600000|100%| O|  |TAMS 0x0000000090500000| PB 0x0000000090500000| Untracked 
| 262|0x0000000090600000, 0x0000000090700000, 0x0000000090700000|100%| O|Cm|TAMS 0x0000000090600000| PB 0x0000000090600000| Complete 
| 263|0x0000000090700000, 0x0000000090800000, 0x0000000090800000|100%| O|  |TAMS 0x0000000090700000| PB 0x0000000090700000| Untracked 
| 264|0x0000000090800000, 0x0000000090900000, 0x0000000090900000|100%| O|Cm|TAMS 0x0000000090800000| PB 0x0000000090800000| Complete 
| 265|0x0000000090900000, 0x0000000090a00000, 0x0000000090a00000|100%| O|  |TAMS 0x0000000090900000| PB 0x0000000090900000| Untracked 
| 266|0x0000000090a00000, 0x0000000090b00000, 0x0000000090b00000|100%| O|Cm|TAMS 0x0000000090a00000| PB 0x0000000090a00000| Complete 
| 267|0x0000000090b00000, 0x0000000090c00000, 0x0000000090c00000|100%| O|  |TAMS 0x0000000090b00000| PB 0x0000000090b00000| Untracked 
| 268|0x0000000090c00000, 0x0000000090d00000, 0x0000000090d00000|100%| O|  |TAMS 0x0000000090c00000| PB 0x0000000090c00000| Untracked 
| 269|0x0000000090d00000, 0x0000000090e00000, 0x0000000090e00000|100%| O|  |TAMS 0x0000000090d00000| PB 0x0000000090d00000| Untracked 
| 270|0x0000000090e00000, 0x0000000090f00000, 0x0000000090f00000|100%| O|  |TAMS 0x0000000090e00000| PB 0x0000000090e00000| Untracked 
| 271|0x0000000090f00000, 0x0000000090f00000, 0x0000000091000000|  0%| F|  |TAMS 0x0000000090f00000| PB 0x0000000090f00000| Untracked 
| 272|0x0000000091000000, 0x0000000091100000, 0x0000000091100000|100%| O|Cm|TAMS 0x0000000091000000| PB 0x0000000091000000| Complete 
| 273|0x0000000091100000, 0x0000000091200000, 0x0000000091200000|100%| O|Cm|TAMS 0x0000000091100000| PB 0x0000000091100000| Complete 
| 274|0x0000000091200000, 0x0000000091300000, 0x0000000091300000|100%| O|Cm|TAMS 0x0000000091200000| PB 0x0000000091200000| Complete 
| 275|0x0000000091300000, 0x0000000091400000, 0x0000000091400000|100%| O|Cm|TAMS 0x0000000091300000| PB 0x0000000091300000| Complete 
| 276|0x0000000091400000, 0x0000000091500000, 0x0000000091500000|100%| O|Cm|TAMS 0x0000000091400000| PB 0x0000000091400000| Complete 
| 277|0x0000000091500000, 0x0000000091500000, 0x0000000091600000|  0%| F|  |TAMS 0x0000000091500000| PB 0x0000000091500000| Untracked 
| 278|0x0000000091600000, 0x0000000091700000, 0x0000000091700000|100%| O|  |TAMS 0x0000000091600000| PB 0x0000000091600000| Untracked 
| 279|0x0000000091700000, 0x0000000091800000, 0x0000000091800000|100%| O|  |TAMS 0x0000000091700000| PB 0x0000000091700000| Untracked 
| 280|0x0000000091800000, 0x0000000091900000, 0x0000000091900000|100%| O|  |TAMS 0x0000000091800000| PB 0x0000000091800000| Untracked 
| 281|0x0000000091900000, 0x0000000091a00000, 0x0000000091a00000|100%| O|  |TAMS 0x0000000091900000| PB 0x0000000091900000| Untracked 
| 282|0x0000000091a00000, 0x0000000091b00000, 0x0000000091b00000|100%| O|  |TAMS 0x0000000091a00000| PB 0x0000000091a00000| Untracked 
| 283|0x0000000091b00000, 0x0000000091c00000, 0x0000000091c00000|100%| O|  |TAMS 0x0000000091b00000| PB 0x0000000091b00000| Untracked 
| 284|0x0000000091c00000, 0x0000000091d00000, 0x0000000091d00000|100%| O|  |TAMS 0x0000000091c00000| PB 0x0000000091c00000| Untracked 
| 285|0x0000000091d00000, 0x0000000091e00000, 0x0000000091e00000|100%| O|  |TAMS 0x0000000091d00000| PB 0x0000000091d00000| Untracked 
| 286|0x0000000091e00000, 0x0000000091f00000, 0x0000000091f00000|100%| O|  |TAMS 0x0000000091e00000| PB 0x0000000091e00000| Untracked 
| 287|0x0000000091f00000, 0x0000000092000000, 0x0000000092000000|100%| O|  |TAMS 0x0000000091f00000| PB 0x0000000091f00000| Untracked 
| 288|0x0000000092000000, 0x0000000092100000, 0x0000000092100000|100%| O|  |TAMS 0x0000000092000000| PB 0x0000000092000000| Untracked 
| 289|0x0000000092100000, 0x0000000092200000, 0x0000000092200000|100%| O|  |TAMS 0x0000000092100000| PB 0x0000000092100000| Untracked 
| 290|0x0000000092200000, 0x0000000092300000, 0x0000000092300000|100%|HS|  |TAMS 0x0000000092200000| PB 0x0000000092200000| Complete 
| 291|0x0000000092300000, 0x0000000092400000, 0x0000000092400000|100%| O|Cm|TAMS 0x0000000092300000| PB 0x0000000092300000| Complete 
| 292|0x0000000092400000, 0x0000000092500000, 0x0000000092500000|100%| O|  |TAMS 0x0000000092400000| PB 0x0000000092400000| Untracked 
| 293|0x0000000092500000, 0x0000000092600000, 0x0000000092600000|100%| O|  |TAMS 0x0000000092500000| PB 0x0000000092500000| Untracked 
| 294|0x0000000092600000, 0x0000000092700000, 0x0000000092700000|100%| O|  |TAMS 0x0000000092600000| PB 0x0000000092600000| Untracked 
| 295|0x0000000092700000, 0x0000000092800000, 0x0000000092800000|100%| O|  |TAMS 0x0000000092700000| PB 0x0000000092700000| Untracked 
| 296|0x0000000092800000, 0x0000000092900000, 0x0000000092900000|100%| O|  |TAMS 0x0000000092800000| PB 0x0000000092800000| Untracked 
| 297|0x0000000092900000, 0x0000000092a00000, 0x0000000092a00000|100%| O|  |TAMS 0x0000000092900000| PB 0x0000000092900000| Untracked 
| 298|0x0000000092a00000, 0x0000000092b00000, 0x0000000092b00000|100%| O|  |TAMS 0x0000000092a00000| PB 0x0000000092a00000| Untracked 
| 299|0x0000000092b00000, 0x0000000092c00000, 0x0000000092c00000|100%| O|  |TAMS 0x0000000092b00000| PB 0x0000000092b00000| Untracked 
| 300|0x0000000092c00000, 0x0000000092d00000, 0x0000000092d00000|100%| O|  |TAMS 0x0000000092c00000| PB 0x0000000092c00000| Untracked 
| 301|0x0000000092d00000, 0x0000000092e00000, 0x0000000092e00000|100%| O|  |TAMS 0x0000000092d00000| PB 0x0000000092d00000| Untracked 
| 302|0x0000000092e00000, 0x0000000092f00000, 0x0000000092f00000|100%| O|  |TAMS 0x0000000092e00000| PB 0x0000000092e00000| Untracked 
| 303|0x0000000092f00000, 0x0000000093000000, 0x0000000093000000|100%| O|  |TAMS 0x0000000092f00000| PB 0x0000000092f00000| Untracked 
| 304|0x0000000093000000, 0x0000000093100000, 0x0000000093100000|100%| O|  |TAMS 0x0000000093000000| PB 0x0000000093000000| Untracked 
| 305|0x0000000093100000, 0x0000000093200000, 0x0000000093200000|100%| O|Cm|TAMS 0x0000000093100000| PB 0x0000000093100000| Complete 
| 306|0x0000000093200000, 0x0000000093300000, 0x0000000093300000|100%|HS|  |TAMS 0x0000000093200000| PB 0x0000000093200000| Complete 
| 307|0x0000000093300000, 0x0000000093400000, 0x0000000093400000|100%|HC|  |TAMS 0x0000000093300000| PB 0x0000000093300000| Complete 
| 308|0x0000000093400000, 0x0000000093500000, 0x0000000093500000|100%|HC|  |TAMS 0x0000000093400000| PB 0x0000000093400000| Complete 
| 309|0x0000000093500000, 0x0000000093600000, 0x0000000093600000|100%|HC|  |TAMS 0x0000000093500000| PB 0x0000000093500000| Complete 
| 310|0x0000000093600000, 0x0000000093700000, 0x0000000093700000|100%|HC|  |TAMS 0x0000000093600000| PB 0x0000000093600000| Complete 
| 311|0x0000000093700000, 0x0000000093800000, 0x0000000093800000|100%|HC|  |TAMS 0x0000000093700000| PB 0x0000000093700000| Complete 
| 312|0x0000000093800000, 0x0000000093900000, 0x0000000093900000|100%| O|Cm|TAMS 0x0000000093800000| PB 0x0000000093800000| Complete 
| 313|0x0000000093900000, 0x0000000093a00000, 0x0000000093a00000|100%| O|Cm|TAMS 0x0000000093900000| PB 0x0000000093900000| Complete 
| 314|0x0000000093a00000, 0x0000000093b00000, 0x0000000093b00000|100%| O|  |TAMS 0x0000000093a00000| PB 0x0000000093a00000| Untracked 
| 315|0x0000000093b00000, 0x0000000093c00000, 0x0000000093c00000|100%| O|  |TAMS 0x0000000093b00000| PB 0x0000000093b00000| Untracked 
| 316|0x0000000093c00000, 0x0000000093d00000, 0x0000000093d00000|100%| O|  |TAMS 0x0000000093c00000| PB 0x0000000093c00000| Untracked 
| 317|0x0000000093d00000, 0x0000000093e00000, 0x0000000093e00000|100%| O|  |TAMS 0x0000000093d00000| PB 0x0000000093d00000| Untracked 
| 318|0x0000000093e00000, 0x0000000093f00000, 0x0000000093f00000|100%| O|  |TAMS 0x0000000093e00000| PB 0x0000000093e00000| Untracked 
| 319|0x0000000093f00000, 0x0000000094000000, 0x0000000094000000|100%|HS|  |TAMS 0x0000000093f00000| PB 0x0000000093f00000| Complete 
| 320|0x0000000094000000, 0x0000000094100000, 0x0000000094100000|100%|HC|  |TAMS 0x0000000094000000| PB 0x0000000094000000| Complete 
| 321|0x0000000094100000, 0x0000000094200000, 0x0000000094200000|100%|HS|  |TAMS 0x0000000094100000| PB 0x0000000094100000| Complete 
| 322|0x0000000094200000, 0x0000000094300000, 0x0000000094300000|100%|HC|  |TAMS 0x0000000094200000| PB 0x0000000094200000| Complete 
| 323|0x0000000094300000, 0x0000000094400000, 0x0000000094400000|100%|HS|  |TAMS 0x0000000094300000| PB 0x0000000094300000| Complete 
| 324|0x0000000094400000, 0x0000000094500000, 0x0000000094500000|100%|HC|  |TAMS 0x0000000094400000| PB 0x0000000094400000| Complete 
| 325|0x0000000094500000, 0x0000000094600000, 0x0000000094600000|100%|HS|  |TAMS 0x0000000094500000| PB 0x0000000094500000| Complete 
| 326|0x0000000094600000, 0x0000000094700000, 0x0000000094700000|100%|HC|  |TAMS 0x0000000094600000| PB 0x0000000094600000| Complete 
| 327|0x0000000094700000, 0x0000000094800000, 0x0000000094800000|100%|HS|  |TAMS 0x0000000094700000| PB 0x0000000094700000| Complete 
| 328|0x0000000094800000, 0x0000000094900000, 0x0000000094900000|100%|HC|  |TAMS 0x0000000094800000| PB 0x0000000094800000| Complete 
| 329|0x0000000094900000, 0x0000000094a00000, 0x0000000094a00000|100%|HS|  |TAMS 0x0000000094900000| PB 0x0000000094900000| Complete 
| 330|0x0000000094a00000, 0x0000000094b00000, 0x0000000094b00000|100%|HC|  |TAMS 0x0000000094a00000| PB 0x0000000094a00000| Complete 
| 331|0x0000000094b00000, 0x0000000094c00000, 0x0000000094c00000|100%|HS|  |TAMS 0x0000000094b00000| PB 0x0000000094b00000| Complete 
| 332|0x0000000094c00000, 0x0000000094d00000, 0x0000000094d00000|100%|HC|  |TAMS 0x0000000094c00000| PB 0x0000000094c00000| Complete 
| 333|0x0000000094d00000, 0x0000000094e00000, 0x0000000094e00000|100%|HS|  |TAMS 0x0000000094d00000| PB 0x0000000094d00000| Complete 
| 334|0x0000000094e00000, 0x0000000094f00000, 0x0000000094f00000|100%|HC|  |TAMS 0x0000000094e00000| PB 0x0000000094e00000| Complete 
| 335|0x0000000094f00000, 0x0000000095000000, 0x0000000095000000|100%|HS|  |TAMS 0x0000000094f00000| PB 0x0000000094f00000| Complete 
| 336|0x0000000095000000, 0x0000000095100000, 0x0000000095100000|100%|HC|  |TAMS 0x0000000095000000| PB 0x0000000095000000| Complete 
| 337|0x0000000095100000, 0x0000000095200000, 0x0000000095200000|100%|HS|  |TAMS 0x0000000095100000| PB 0x0000000095100000| Complete 
| 338|0x0000000095200000, 0x0000000095300000, 0x0000000095300000|100%|HC|  |TAMS 0x0000000095200000| PB 0x0000000095200000| Complete 
| 339|0x0000000095300000, 0x0000000095400000, 0x0000000095400000|100%|HS|  |TAMS 0x0000000095300000| PB 0x0000000095300000| Complete 
| 340|0x0000000095400000, 0x0000000095500000, 0x0000000095500000|100%|HC|  |TAMS 0x0000000095400000| PB 0x0000000095400000| Complete 
| 341|0x0000000095500000, 0x0000000095600000, 0x0000000095600000|100%|HS|  |TAMS 0x0000000095500000| PB 0x0000000095500000| Complete 
| 342|0x0000000095600000, 0x0000000095700000, 0x0000000095700000|100%|HC|  |TAMS 0x0000000095600000| PB 0x0000000095600000| Complete 
| 343|0x0000000095700000, 0x0000000095800000, 0x0000000095800000|100%|HS|  |TAMS 0x0000000095700000| PB 0x0000000095700000| Complete 
| 344|0x0000000095800000, 0x0000000095900000, 0x0000000095900000|100%|HC|  |TAMS 0x0000000095800000| PB 0x0000000095800000| Complete 
| 345|0x0000000095900000, 0x0000000095900000, 0x0000000095a00000|  0%| F|  |TAMS 0x0000000095900000| PB 0x0000000095900000| Untracked 
| 346|0x0000000095a00000, 0x0000000095a00000, 0x0000000095b00000|  0%| F|  |TAMS 0x0000000095a00000| PB 0x0000000095a00000| Untracked 
| 347|0x0000000095b00000, 0x0000000095b00000, 0x0000000095c00000|  0%| F|  |TAMS 0x0000000095b00000| PB 0x0000000095b00000| Untracked 
| 348|0x0000000095c00000, 0x0000000095c00000, 0x0000000095d00000|  0%| F|  |TAMS 0x0000000095c00000| PB 0x0000000095c00000| Untracked 
| 349|0x0000000095d00000, 0x0000000095d00000, 0x0000000095e00000|  0%| F|  |TAMS 0x0000000095d00000| PB 0x0000000095d00000| Untracked 
| 350|0x0000000095e00000, 0x0000000095e00000, 0x0000000095f00000|  0%| F|  |TAMS 0x0000000095e00000| PB 0x0000000095e00000| Untracked 
| 351|0x0000000095f00000, 0x0000000095f00000, 0x0000000096000000|  0%| F|  |TAMS 0x0000000095f00000| PB 0x0000000095f00000| Untracked 
| 352|0x0000000096000000, 0x0000000096000000, 0x0000000096100000|  0%| F|  |TAMS 0x0000000096000000| PB 0x0000000096000000| Untracked 
| 353|0x0000000096100000, 0x0000000096100000, 0x0000000096200000|  0%| F|  |TAMS 0x0000000096100000| PB 0x0000000096100000| Untracked 
| 354|0x0000000096200000, 0x0000000096200000, 0x0000000096300000|  0%| F|  |TAMS 0x0000000096200000| PB 0x0000000096200000| Untracked 
| 355|0x0000000096300000, 0x0000000096300000, 0x0000000096400000|  0%| F|  |TAMS 0x0000000096300000| PB 0x0000000096300000| Untracked 
| 356|0x0000000096400000, 0x0000000096400000, 0x0000000096500000|  0%| F|  |TAMS 0x0000000096400000| PB 0x0000000096400000| Untracked 
| 357|0x0000000096500000, 0x0000000096500000, 0x0000000096600000|  0%| F|  |TAMS 0x0000000096500000| PB 0x0000000096500000| Untracked 
| 358|0x0000000096600000, 0x0000000096600000, 0x0000000096700000|  0%| F|  |TAMS 0x0000000096600000| PB 0x0000000096600000| Untracked 
| 359|0x0000000096700000, 0x0000000096700000, 0x0000000096800000|  0%| F|  |TAMS 0x0000000096700000| PB 0x0000000096700000| Untracked 
| 360|0x0000000096800000, 0x0000000096800000, 0x0000000096900000|  0%| F|  |TAMS 0x0000000096800000| PB 0x0000000096800000| Untracked 
| 361|0x0000000096900000, 0x0000000096900000, 0x0000000096a00000|  0%| F|  |TAMS 0x0000000096900000| PB 0x0000000096900000| Untracked 
| 362|0x0000000096a00000, 0x0000000096a00000, 0x0000000096b00000|  0%| F|  |TAMS 0x0000000096a00000| PB 0x0000000096a00000| Untracked 
| 363|0x0000000096b00000, 0x0000000096b00000, 0x0000000096c00000|  0%| F|  |TAMS 0x0000000096b00000| PB 0x0000000096b00000| Untracked 
| 364|0x0000000096c00000, 0x0000000096c00000, 0x0000000096d00000|  0%| F|  |TAMS 0x0000000096c00000| PB 0x0000000096c00000| Untracked 
| 365|0x0000000096d00000, 0x0000000096d00000, 0x0000000096e00000|  0%| F|  |TAMS 0x0000000096d00000| PB 0x0000000096d00000| Untracked 
| 366|0x0000000096e00000, 0x0000000096e00000, 0x0000000096f00000|  0%| F|  |TAMS 0x0000000096e00000| PB 0x0000000096e00000| Untracked 
| 367|0x0000000096f00000, 0x0000000096f00000, 0x0000000097000000|  0%| F|  |TAMS 0x0000000096f00000| PB 0x0000000096f00000| Untracked 
| 368|0x0000000097000000, 0x0000000097000000, 0x0000000097100000|  0%| F|  |TAMS 0x0000000097000000| PB 0x0000000097000000| Untracked 
| 369|0x0000000097100000, 0x0000000097100000, 0x0000000097200000|  0%| F|  |TAMS 0x0000000097100000| PB 0x0000000097100000| Untracked 
| 370|0x0000000097200000, 0x0000000097200000, 0x0000000097300000|  0%| F|  |TAMS 0x0000000097200000| PB 0x0000000097200000| Untracked 
| 371|0x0000000097300000, 0x0000000097300000, 0x0000000097400000|  0%| F|  |TAMS 0x0000000097300000| PB 0x0000000097300000| Untracked 
| 372|0x0000000097400000, 0x0000000097400000, 0x0000000097500000|  0%| F|  |TAMS 0x0000000097400000| PB 0x0000000097400000| Untracked 
| 373|0x0000000097500000, 0x0000000097500000, 0x0000000097600000|  0%| F|  |TAMS 0x0000000097500000| PB 0x0000000097500000| Untracked 
| 374|0x0000000097600000, 0x0000000097600000, 0x0000000097700000|  0%| F|  |TAMS 0x0000000097600000| PB 0x0000000097600000| Untracked 
| 375|0x0000000097700000, 0x0000000097700000, 0x0000000097800000|  0%| F|  |TAMS 0x0000000097700000| PB 0x0000000097700000| Untracked 
| 376|0x0000000097800000, 0x0000000097800000, 0x0000000097900000|  0%| F|  |TAMS 0x0000000097800000| PB 0x0000000097800000| Untracked 
| 377|0x0000000097900000, 0x0000000097900000, 0x0000000097a00000|  0%| F|  |TAMS 0x0000000097900000| PB 0x0000000097900000| Untracked 
| 378|0x0000000097a00000, 0x0000000097a00000, 0x0000000097b00000|  0%| F|  |TAMS 0x0000000097a00000| PB 0x0000000097a00000| Untracked 
| 379|0x0000000097b00000, 0x0000000097b00000, 0x0000000097c00000|  0%| F|  |TAMS 0x0000000097b00000| PB 0x0000000097b00000| Untracked 
| 380|0x0000000097c00000, 0x0000000097c00000, 0x0000000097d00000|  0%| F|  |TAMS 0x0000000097c00000| PB 0x0000000097c00000| Untracked 
| 381|0x0000000097d00000, 0x0000000097d00000, 0x0000000097e00000|  0%| F|  |TAMS 0x0000000097d00000| PB 0x0000000097d00000| Untracked 
| 382|0x0000000097e00000, 0x0000000097e00000, 0x0000000097f00000|  0%| F|  |TAMS 0x0000000097e00000| PB 0x0000000097e00000| Untracked 
| 383|0x0000000097f00000, 0x0000000097f00000, 0x0000000098000000|  0%| F|  |TAMS 0x0000000097f00000| PB 0x0000000097f00000| Untracked 
| 384|0x0000000098000000, 0x0000000098000000, 0x0000000098100000|  0%| F|  |TAMS 0x0000000098000000| PB 0x0000000098000000| Untracked 
| 385|0x0000000098100000, 0x0000000098100000, 0x0000000098200000|  0%| F|  |TAMS 0x0000000098100000| PB 0x0000000098100000| Untracked 
| 386|0x0000000098200000, 0x0000000098200000, 0x0000000098300000|  0%| F|  |TAMS 0x0000000098200000| PB 0x0000000098200000| Untracked 
| 387|0x0000000098300000, 0x0000000098300000, 0x0000000098400000|  0%| F|  |TAMS 0x0000000098300000| PB 0x0000000098300000| Untracked 
| 388|0x0000000098400000, 0x0000000098400000, 0x0000000098500000|  0%| F|  |TAMS 0x0000000098400000| PB 0x0000000098400000| Untracked 
| 389|0x0000000098500000, 0x0000000098500000, 0x0000000098600000|  0%| F|  |TAMS 0x0000000098500000| PB 0x0000000098500000| Untracked 
| 390|0x0000000098600000, 0x0000000098600000, 0x0000000098700000|  0%| F|  |TAMS 0x0000000098600000| PB 0x0000000098600000| Untracked 
| 391|0x0000000098700000, 0x0000000098700000, 0x0000000098800000|  0%| F|  |TAMS 0x0000000098700000| PB 0x0000000098700000| Untracked 
| 392|0x0000000098800000, 0x0000000098800000, 0x0000000098900000|  0%| F|  |TAMS 0x0000000098800000| PB 0x0000000098800000| Untracked 
| 393|0x0000000098900000, 0x0000000098900000, 0x0000000098a00000|  0%| F|  |TAMS 0x0000000098900000| PB 0x0000000098900000| Untracked 
| 394|0x0000000098a00000, 0x0000000098a00000, 0x0000000098b00000|  0%| F|  |TAMS 0x0000000098a00000| PB 0x0000000098a00000| Untracked 
| 395|0x0000000098b00000, 0x0000000098b00000, 0x0000000098c00000|  0%| F|  |TAMS 0x0000000098b00000| PB 0x0000000098b00000| Untracked 
| 396|0x0000000098c00000, 0x0000000098c00000, 0x0000000098d00000|  0%| F|  |TAMS 0x0000000098c00000| PB 0x0000000098c00000| Untracked 
| 397|0x0000000098d00000, 0x0000000098d00000, 0x0000000098e00000|  0%| F|  |TAMS 0x0000000098d00000| PB 0x0000000098d00000| Untracked 
| 398|0x0000000098e00000, 0x0000000098e00000, 0x0000000098f00000|  0%| F|  |TAMS 0x0000000098e00000| PB 0x0000000098e00000| Untracked 
| 399|0x0000000098f00000, 0x0000000098f00000, 0x0000000099000000|  0%| F|  |TAMS 0x0000000098f00000| PB 0x0000000098f00000| Untracked 
| 400|0x0000000099000000, 0x0000000099000000, 0x0000000099100000|  0%| F|  |TAMS 0x0000000099000000| PB 0x0000000099000000| Untracked 
| 401|0x0000000099100000, 0x0000000099100000, 0x0000000099200000|  0%| F|  |TAMS 0x0000000099100000| PB 0x0000000099100000| Untracked 
| 402|0x0000000099200000, 0x0000000099200000, 0x0000000099300000|  0%| F|  |TAMS 0x0000000099200000| PB 0x0000000099200000| Untracked 
| 403|0x0000000099300000, 0x0000000099300000, 0x0000000099400000|  0%| F|  |TAMS 0x0000000099300000| PB 0x0000000099300000| Untracked 
| 404|0x0000000099400000, 0x0000000099400000, 0x0000000099500000|  0%| F|  |TAMS 0x0000000099400000| PB 0x0000000099400000| Untracked 
| 405|0x0000000099500000, 0x0000000099500000, 0x0000000099600000|  0%| F|  |TAMS 0x0000000099500000| PB 0x0000000099500000| Untracked 
| 406|0x0000000099600000, 0x0000000099600000, 0x0000000099700000|  0%| F|  |TAMS 0x0000000099600000| PB 0x0000000099600000| Untracked 
| 407|0x0000000099700000, 0x0000000099700000, 0x0000000099800000|  0%| F|  |TAMS 0x0000000099700000| PB 0x0000000099700000| Untracked 
| 408|0x0000000099800000, 0x0000000099800000, 0x0000000099900000|  0%| F|  |TAMS 0x0000000099800000| PB 0x0000000099800000| Untracked 
| 409|0x0000000099900000, 0x0000000099900000, 0x0000000099a00000|  0%| F|  |TAMS 0x0000000099900000| PB 0x0000000099900000| Untracked 
| 410|0x0000000099a00000, 0x0000000099a00000, 0x0000000099b00000|  0%| F|  |TAMS 0x0000000099a00000| PB 0x0000000099a00000| Untracked 
| 411|0x0000000099b00000, 0x0000000099b00000, 0x0000000099c00000|  0%| F|  |TAMS 0x0000000099b00000| PB 0x0000000099b00000| Untracked 
| 412|0x0000000099c00000, 0x0000000099c00000, 0x0000000099d00000|  0%| F|  |TAMS 0x0000000099c00000| PB 0x0000000099c00000| Untracked 
| 413|0x0000000099d00000, 0x0000000099d00000, 0x0000000099e00000|  0%| F|  |TAMS 0x0000000099d00000| PB 0x0000000099d00000| Untracked 
| 414|0x0000000099e00000, 0x0000000099e00000, 0x0000000099f00000|  0%| F|  |TAMS 0x0000000099e00000| PB 0x0000000099e00000| Untracked 
| 415|0x0000000099f00000, 0x0000000099f00000, 0x000000009a000000|  0%| F|  |TAMS 0x0000000099f00000| PB 0x0000000099f00000| Untracked 
| 416|0x000000009a000000, 0x000000009a000000, 0x000000009a100000|  0%| F|  |TAMS 0x000000009a000000| PB 0x000000009a000000| Untracked 
| 417|0x000000009a100000, 0x000000009a100000, 0x000000009a200000|  0%| F|  |TAMS 0x000000009a100000| PB 0x000000009a100000| Untracked 
| 418|0x000000009a200000, 0x000000009a200000, 0x000000009a300000|  0%| F|  |TAMS 0x000000009a200000| PB 0x000000009a200000| Untracked 
| 419|0x000000009a300000, 0x000000009a300000, 0x000000009a400000|  0%| F|  |TAMS 0x000000009a300000| PB 0x000000009a300000| Untracked 
| 420|0x000000009a400000, 0x000000009a400000, 0x000000009a500000|  0%| F|  |TAMS 0x000000009a400000| PB 0x000000009a400000| Untracked 
| 421|0x000000009a500000, 0x000000009a500000, 0x000000009a600000|  0%| F|  |TAMS 0x000000009a500000| PB 0x000000009a500000| Untracked 
| 422|0x000000009a600000, 0x000000009a600000, 0x000000009a700000|  0%| F|  |TAMS 0x000000009a600000| PB 0x000000009a600000| Untracked 
| 423|0x000000009a700000, 0x000000009a700000, 0x000000009a800000|  0%| F|  |TAMS 0x000000009a700000| PB 0x000000009a700000| Untracked 
| 424|0x000000009a800000, 0x000000009a800000, 0x000000009a900000|  0%| F|  |TAMS 0x000000009a800000| PB 0x000000009a800000| Untracked 
| 425|0x000000009a900000, 0x000000009a900000, 0x000000009aa00000|  0%| F|  |TAMS 0x000000009a900000| PB 0x000000009a900000| Untracked 
| 426|0x000000009aa00000, 0x000000009aa00000, 0x000000009ab00000|  0%| F|  |TAMS 0x000000009aa00000| PB 0x000000009aa00000| Untracked 
| 427|0x000000009ab00000, 0x000000009ab00000, 0x000000009ac00000|  0%| F|  |TAMS 0x000000009ab00000| PB 0x000000009ab00000| Untracked 
| 428|0x000000009ac00000, 0x000000009ac00000, 0x000000009ad00000|  0%| F|  |TAMS 0x000000009ac00000| PB 0x000000009ac00000| Untracked 
| 429|0x000000009ad00000, 0x000000009ad00000, 0x000000009ae00000|  0%| F|  |TAMS 0x000000009ad00000| PB 0x000000009ad00000| Untracked 
| 430|0x000000009ae00000, 0x000000009ae00000, 0x000000009af00000|  0%| F|  |TAMS 0x000000009ae00000| PB 0x000000009ae00000| Untracked 
| 431|0x000000009af00000, 0x000000009af00000, 0x000000009b000000|  0%| F|  |TAMS 0x000000009af00000| PB 0x000000009af00000| Untracked 
| 432|0x000000009b000000, 0x000000009b000000, 0x000000009b100000|  0%| F|  |TAMS 0x000000009b000000| PB 0x000000009b000000| Untracked 
| 433|0x000000009b100000, 0x000000009b100000, 0x000000009b200000|  0%| F|  |TAMS 0x000000009b100000| PB 0x000000009b100000| Untracked 
| 434|0x000000009b200000, 0x000000009b200000, 0x000000009b300000|  0%| F|  |TAMS 0x000000009b200000| PB 0x000000009b200000| Untracked 
| 435|0x000000009b300000, 0x000000009b300000, 0x000000009b400000|  0%| F|  |TAMS 0x000000009b300000| PB 0x000000009b300000| Untracked 
| 436|0x000000009b400000, 0x000000009b400000, 0x000000009b500000|  0%| F|  |TAMS 0x000000009b400000| PB 0x000000009b400000| Untracked 
| 437|0x000000009b500000, 0x000000009b500000, 0x000000009b600000|  0%| F|  |TAMS 0x000000009b500000| PB 0x000000009b500000| Untracked 
| 438|0x000000009b600000, 0x000000009b600000, 0x000000009b700000|  0%| F|  |TAMS 0x000000009b600000| PB 0x000000009b600000| Untracked 
| 439|0x000000009b700000, 0x000000009b700000, 0x000000009b800000|  0%| F|  |TAMS 0x000000009b700000| PB 0x000000009b700000| Untracked 
| 440|0x000000009b800000, 0x000000009b800000, 0x000000009b900000|  0%| F|  |TAMS 0x000000009b800000| PB 0x000000009b800000| Untracked 
| 441|0x000000009b900000, 0x000000009b900000, 0x000000009ba00000|  0%| F|  |TAMS 0x000000009b900000| PB 0x000000009b900000| Untracked 
| 442|0x000000009ba00000, 0x000000009ba00000, 0x000000009bb00000|  0%| F|  |TAMS 0x000000009ba00000| PB 0x000000009ba00000| Untracked 
| 443|0x000000009bb00000, 0x000000009bb00000, 0x000000009bc00000|  0%| F|  |TAMS 0x000000009bb00000| PB 0x000000009bb00000| Untracked 
| 444|0x000000009bc00000, 0x000000009bc00000, 0x000000009bd00000|  0%| F|  |TAMS 0x000000009bc00000| PB 0x000000009bc00000| Untracked 
| 445|0x000000009bd00000, 0x000000009bd00000, 0x000000009be00000|  0%| F|  |TAMS 0x000000009bd00000| PB 0x000000009bd00000| Untracked 
| 446|0x000000009be00000, 0x000000009be00000, 0x000000009bf00000|  0%| F|  |TAMS 0x000000009be00000| PB 0x000000009be00000| Untracked 
| 447|0x000000009bf00000, 0x000000009bf00000, 0x000000009c000000|  0%| F|  |TAMS 0x000000009bf00000| PB 0x000000009bf00000| Untracked 
| 448|0x000000009c000000, 0x000000009c000000, 0x000000009c100000|  0%| F|  |TAMS 0x000000009c000000| PB 0x000000009c000000| Untracked 
| 449|0x000000009c100000, 0x000000009c100000, 0x000000009c200000|  0%| F|  |TAMS 0x000000009c100000| PB 0x000000009c100000| Untracked 
| 450|0x000000009c200000, 0x000000009c200000, 0x000000009c300000|  0%| F|  |TAMS 0x000000009c200000| PB 0x000000009c200000| Untracked 
| 451|0x000000009c300000, 0x000000009c300000, 0x000000009c400000|  0%| F|  |TAMS 0x000000009c300000| PB 0x000000009c300000| Untracked 
| 452|0x000000009c400000, 0x000000009c400000, 0x000000009c500000|  0%| F|  |TAMS 0x000000009c400000| PB 0x000000009c400000| Untracked 
| 453|0x000000009c500000, 0x000000009c500000, 0x000000009c600000|  0%| F|  |TAMS 0x000000009c500000| PB 0x000000009c500000| Untracked 
| 454|0x000000009c600000, 0x000000009c600000, 0x000000009c700000|  0%| F|  |TAMS 0x000000009c600000| PB 0x000000009c600000| Untracked 
| 455|0x000000009c700000, 0x000000009c700000, 0x000000009c800000|  0%| F|  |TAMS 0x000000009c700000| PB 0x000000009c700000| Untracked 
| 456|0x000000009c800000, 0x000000009c800000, 0x000000009c900000|  0%| F|  |TAMS 0x000000009c800000| PB 0x000000009c800000| Untracked 
| 457|0x000000009c900000, 0x000000009c900000, 0x000000009ca00000|  0%| F|  |TAMS 0x000000009c900000| PB 0x000000009c900000| Untracked 
| 458|0x000000009ca00000, 0x000000009ca00000, 0x000000009cb00000|  0%| F|  |TAMS 0x000000009ca00000| PB 0x000000009ca00000| Untracked 
| 459|0x000000009cb00000, 0x000000009cb00000, 0x000000009cc00000|  0%| F|  |TAMS 0x000000009cb00000| PB 0x000000009cb00000| Untracked 
| 460|0x000000009cc00000, 0x000000009cc00000, 0x000000009cd00000|  0%| F|  |TAMS 0x000000009cc00000| PB 0x000000009cc00000| Untracked 
| 461|0x000000009cd00000, 0x000000009cd00000, 0x000000009ce00000|  0%| F|  |TAMS 0x000000009cd00000| PB 0x000000009cd00000| Untracked 
| 462|0x000000009ce00000, 0x000000009ce00000, 0x000000009cf00000|  0%| F|  |TAMS 0x000000009ce00000| PB 0x000000009ce00000| Untracked 
| 463|0x000000009cf00000, 0x000000009cf00000, 0x000000009d000000|  0%| F|  |TAMS 0x000000009cf00000| PB 0x000000009cf00000| Untracked 
| 464|0x000000009d000000, 0x000000009d000000, 0x000000009d100000|  0%| F|  |TAMS 0x000000009d000000| PB 0x000000009d000000| Untracked 
| 465|0x000000009d100000, 0x000000009d100000, 0x000000009d200000|  0%| F|  |TAMS 0x000000009d100000| PB 0x000000009d100000| Untracked 
| 466|0x000000009d200000, 0x000000009d200000, 0x000000009d300000|  0%| F|  |TAMS 0x000000009d200000| PB 0x000000009d200000| Untracked 
| 467|0x000000009d300000, 0x000000009d300000, 0x000000009d400000|  0%| F|  |TAMS 0x000000009d300000| PB 0x000000009d300000| Untracked 
| 468|0x000000009d400000, 0x000000009d400000, 0x000000009d500000|  0%| F|  |TAMS 0x000000009d400000| PB 0x000000009d400000| Untracked 
| 469|0x000000009d500000, 0x000000009d500000, 0x000000009d600000|  0%| F|  |TAMS 0x000000009d500000| PB 0x000000009d500000| Untracked 
| 470|0x000000009d600000, 0x000000009d600000, 0x000000009d700000|  0%| F|  |TAMS 0x000000009d600000| PB 0x000000009d600000| Untracked 
| 471|0x000000009d700000, 0x000000009d700000, 0x000000009d800000|  0%| F|  |TAMS 0x000000009d700000| PB 0x000000009d700000| Untracked 
| 472|0x000000009d800000, 0x000000009d800000, 0x000000009d900000|  0%| F|  |TAMS 0x000000009d800000| PB 0x000000009d800000| Untracked 
| 473|0x000000009d900000, 0x000000009d900000, 0x000000009da00000|  0%| F|  |TAMS 0x000000009d900000| PB 0x000000009d900000| Untracked 
| 474|0x000000009da00000, 0x000000009da00000, 0x000000009db00000|  0%| F|  |TAMS 0x000000009da00000| PB 0x000000009da00000| Untracked 
| 475|0x000000009db00000, 0x000000009db00000, 0x000000009dc00000|  0%| F|  |TAMS 0x000000009db00000| PB 0x000000009db00000| Untracked 
| 476|0x000000009dc00000, 0x000000009dc00000, 0x000000009dd00000|  0%| F|  |TAMS 0x000000009dc00000| PB 0x000000009dc00000| Untracked 
| 477|0x000000009dd00000, 0x000000009dd00000, 0x000000009de00000|  0%| F|  |TAMS 0x000000009dd00000| PB 0x000000009dd00000| Untracked 
| 478|0x000000009de00000, 0x000000009de00000, 0x000000009df00000|  0%| F|  |TAMS 0x000000009de00000| PB 0x000000009de00000| Untracked 
| 479|0x000000009df00000, 0x000000009df00000, 0x000000009e000000|  0%| F|  |TAMS 0x000000009df00000| PB 0x000000009df00000| Untracked 
| 480|0x000000009e000000, 0x000000009e000000, 0x000000009e100000|  0%| F|  |TAMS 0x000000009e000000| PB 0x000000009e000000| Untracked 
| 481|0x000000009e100000, 0x000000009e100000, 0x000000009e200000|  0%| F|  |TAMS 0x000000009e100000| PB 0x000000009e100000| Untracked 
| 482|0x000000009e200000, 0x000000009e200000, 0x000000009e300000|  0%| F|  |TAMS 0x000000009e200000| PB 0x000000009e200000| Untracked 
| 483|0x000000009e300000, 0x000000009e300000, 0x000000009e400000|  0%| F|  |TAMS 0x000000009e300000| PB 0x000000009e300000| Untracked 
| 484|0x000000009e400000, 0x000000009e400000, 0x000000009e500000|  0%| F|  |TAMS 0x000000009e400000| PB 0x000000009e400000| Untracked 
| 485|0x000000009e500000, 0x000000009e500000, 0x000000009e600000|  0%| F|  |TAMS 0x000000009e500000| PB 0x000000009e500000| Untracked 
| 486|0x000000009e600000, 0x000000009e600000, 0x000000009e700000|  0%| F|  |TAMS 0x000000009e600000| PB 0x000000009e600000| Untracked 
| 487|0x000000009e700000, 0x000000009e700000, 0x000000009e800000|  0%| F|  |TAMS 0x000000009e700000| PB 0x000000009e700000| Untracked 
| 488|0x000000009e800000, 0x000000009e800000, 0x000000009e900000|  0%| F|  |TAMS 0x000000009e800000| PB 0x000000009e800000| Untracked 
| 489|0x000000009e900000, 0x000000009e900000, 0x000000009ea00000|  0%| F|  |TAMS 0x000000009e900000| PB 0x000000009e900000| Untracked 
| 490|0x000000009ea00000, 0x000000009ea00000, 0x000000009eb00000|  0%| F|  |TAMS 0x000000009ea00000| PB 0x000000009ea00000| Untracked 
| 491|0x000000009eb00000, 0x000000009eb00000, 0x000000009ec00000|  0%| F|  |TAMS 0x000000009eb00000| PB 0x000000009eb00000| Untracked 
| 492|0x000000009ec00000, 0x000000009ec00000, 0x000000009ed00000|  0%| F|  |TAMS 0x000000009ec00000| PB 0x000000009ec00000| Untracked 
| 493|0x000000009ed00000, 0x000000009ed00000, 0x000000009ee00000|  0%| F|  |TAMS 0x000000009ed00000| PB 0x000000009ed00000| Untracked 
| 494|0x000000009ee00000, 0x000000009ee00000, 0x000000009ef00000|  0%| F|  |TAMS 0x000000009ee00000| PB 0x000000009ee00000| Untracked 
| 495|0x000000009ef00000, 0x000000009ef00000, 0x000000009f000000|  0%| F|  |TAMS 0x000000009ef00000| PB 0x000000009ef00000| Untracked 
| 496|0x000000009f000000, 0x000000009f000000, 0x000000009f100000|  0%| F|  |TAMS 0x000000009f000000| PB 0x000000009f000000| Untracked 
| 497|0x000000009f100000, 0x000000009f100000, 0x000000009f200000|  0%| F|  |TAMS 0x000000009f100000| PB 0x000000009f100000| Untracked 
| 498|0x000000009f200000, 0x000000009f200000, 0x000000009f300000|  0%| F|  |TAMS 0x000000009f200000| PB 0x000000009f200000| Untracked 
| 499|0x000000009f300000, 0x000000009f300000, 0x000000009f400000|  0%| F|  |TAMS 0x000000009f300000| PB 0x000000009f300000| Untracked 
| 500|0x000000009f400000, 0x000000009f400000, 0x000000009f500000|  0%| F|  |TAMS 0x000000009f400000| PB 0x000000009f400000| Untracked 
| 501|0x000000009f500000, 0x000000009f500000, 0x000000009f600000|  0%| F|  |TAMS 0x000000009f500000| PB 0x000000009f500000| Untracked 
| 502|0x000000009f600000, 0x000000009f600000, 0x000000009f700000|  0%| F|  |TAMS 0x000000009f600000| PB 0x000000009f600000| Untracked 
| 503|0x000000009f700000, 0x000000009f700000, 0x000000009f800000|  0%| F|  |TAMS 0x000000009f700000| PB 0x000000009f700000| Untracked 
| 504|0x000000009f800000, 0x000000009f800000, 0x000000009f900000|  0%| F|  |TAMS 0x000000009f800000| PB 0x000000009f800000| Untracked 
| 505|0x000000009f900000, 0x000000009f900000, 0x000000009fa00000|  0%| F|  |TAMS 0x000000009f900000| PB 0x000000009f900000| Untracked 
| 506|0x000000009fa00000, 0x000000009fa00000, 0x000000009fb00000|  0%| F|  |TAMS 0x000000009fa00000| PB 0x000000009fa00000| Untracked 
| 507|0x000000009fb00000, 0x000000009fb00000, 0x000000009fc00000|  0%| F|  |TAMS 0x000000009fb00000| PB 0x000000009fb00000| Untracked 
| 508|0x000000009fc00000, 0x000000009fc00000, 0x000000009fd00000|  0%| F|  |TAMS 0x000000009fc00000| PB 0x000000009fc00000| Untracked 
| 509|0x000000009fd00000, 0x000000009fd00000, 0x000000009fe00000|  0%| F|  |TAMS 0x000000009fd00000| PB 0x000000009fd00000| Untracked 
| 510|0x000000009fe00000, 0x000000009fe00000, 0x000000009ff00000|  0%| F|  |TAMS 0x000000009fe00000| PB 0x000000009fe00000| Untracked 
| 511|0x000000009ff00000, 0x000000009ff00000, 0x00000000a0000000|  0%| F|  |TAMS 0x000000009ff00000| PB 0x000000009ff00000| Untracked 
| 512|0x00000000a0000000, 0x00000000a0000000, 0x00000000a0100000|  0%| F|  |TAMS 0x00000000a0000000| PB 0x00000000a0000000| Untracked 
| 513|0x00000000a0100000, 0x00000000a0100000, 0x00000000a0200000|  0%| F|  |TAMS 0x00000000a0100000| PB 0x00000000a0100000| Untracked 
| 514|0x00000000a0200000, 0x00000000a0200000, 0x00000000a0300000|  0%| F|  |TAMS 0x00000000a0200000| PB 0x00000000a0200000| Untracked 
| 515|0x00000000a0300000, 0x00000000a0300000, 0x00000000a0400000|  0%| F|  |TAMS 0x00000000a0300000| PB 0x00000000a0300000| Untracked 
| 516|0x00000000a0400000, 0x00000000a0400000, 0x00000000a0500000|  0%| F|  |TAMS 0x00000000a0400000| PB 0x00000000a0400000| Untracked 
| 517|0x00000000a0500000, 0x00000000a0500000, 0x00000000a0600000|  0%| F|  |TAMS 0x00000000a0500000| PB 0x00000000a0500000| Untracked 
| 518|0x00000000a0600000, 0x00000000a0600000, 0x00000000a0700000|  0%| F|  |TAMS 0x00000000a0600000| PB 0x00000000a0600000| Untracked 
| 519|0x00000000a0700000, 0x00000000a0700000, 0x00000000a0800000|  0%| F|  |TAMS 0x00000000a0700000| PB 0x00000000a0700000| Untracked 
| 520|0x00000000a0800000, 0x00000000a0800000, 0x00000000a0900000|  0%| F|  |TAMS 0x00000000a0800000| PB 0x00000000a0800000| Untracked 
| 521|0x00000000a0900000, 0x00000000a0900000, 0x00000000a0a00000|  0%| F|  |TAMS 0x00000000a0900000| PB 0x00000000a0900000| Untracked 
| 522|0x00000000a0a00000, 0x00000000a0a00000, 0x00000000a0b00000|  0%| F|  |TAMS 0x00000000a0a00000| PB 0x00000000a0a00000| Untracked 
| 523|0x00000000a0b00000, 0x00000000a0b00000, 0x00000000a0c00000|  0%| F|  |TAMS 0x00000000a0b00000| PB 0x00000000a0b00000| Untracked 
| 524|0x00000000a0c00000, 0x00000000a0c00000, 0x00000000a0d00000|  0%| F|  |TAMS 0x00000000a0c00000| PB 0x00000000a0c00000| Untracked 
| 525|0x00000000a0d00000, 0x00000000a0d00000, 0x00000000a0e00000|  0%| F|  |TAMS 0x00000000a0d00000| PB 0x00000000a0d00000| Untracked 
| 526|0x00000000a0e00000, 0x00000000a0e00000, 0x00000000a0f00000|  0%| F|  |TAMS 0x00000000a0e00000| PB 0x00000000a0e00000| Untracked 
| 527|0x00000000a0f00000, 0x00000000a0f00000, 0x00000000a1000000|  0%| F|  |TAMS 0x00000000a0f00000| PB 0x00000000a0f00000| Untracked 
| 528|0x00000000a1000000, 0x00000000a1000000, 0x00000000a1100000|  0%| F|  |TAMS 0x00000000a1000000| PB 0x00000000a1000000| Untracked 
| 529|0x00000000a1100000, 0x00000000a1100000, 0x00000000a1200000|  0%| F|  |TAMS 0x00000000a1100000| PB 0x00000000a1100000| Untracked 
| 530|0x00000000a1200000, 0x00000000a1200000, 0x00000000a1300000|  0%| F|  |TAMS 0x00000000a1200000| PB 0x00000000a1200000| Untracked 
| 531|0x00000000a1300000, 0x00000000a1300000, 0x00000000a1400000|  0%| F|  |TAMS 0x00000000a1300000| PB 0x00000000a1300000| Untracked 
| 532|0x00000000a1400000, 0x00000000a1400000, 0x00000000a1500000|  0%| F|  |TAMS 0x00000000a1400000| PB 0x00000000a1400000| Untracked 
| 533|0x00000000a1500000, 0x00000000a1500000, 0x00000000a1600000|  0%| F|  |TAMS 0x00000000a1500000| PB 0x00000000a1500000| Untracked 
| 534|0x00000000a1600000, 0x00000000a1600000, 0x00000000a1700000|  0%| F|  |TAMS 0x00000000a1600000| PB 0x00000000a1600000| Untracked 
| 535|0x00000000a1700000, 0x00000000a1700000, 0x00000000a1800000|  0%| F|  |TAMS 0x00000000a1700000| PB 0x00000000a1700000| Untracked 
| 536|0x00000000a1800000, 0x00000000a1800000, 0x00000000a1900000|  0%| F|  |TAMS 0x00000000a1800000| PB 0x00000000a1800000| Untracked 
| 537|0x00000000a1900000, 0x00000000a1900000, 0x00000000a1a00000|  0%| F|  |TAMS 0x00000000a1900000| PB 0x00000000a1900000| Untracked 
| 538|0x00000000a1a00000, 0x00000000a1a00000, 0x00000000a1b00000|  0%| F|  |TAMS 0x00000000a1a00000| PB 0x00000000a1a00000| Untracked 
| 539|0x00000000a1b00000, 0x00000000a1b00000, 0x00000000a1c00000|  0%| F|  |TAMS 0x00000000a1b00000| PB 0x00000000a1b00000| Untracked 
| 540|0x00000000a1c00000, 0x00000000a1c00000, 0x00000000a1d00000|  0%| F|  |TAMS 0x00000000a1c00000| PB 0x00000000a1c00000| Untracked 
| 541|0x00000000a1d00000, 0x00000000a1d00000, 0x00000000a1e00000|  0%| F|  |TAMS 0x00000000a1d00000| PB 0x00000000a1d00000| Untracked 
| 542|0x00000000a1e00000, 0x00000000a1e00000, 0x00000000a1f00000|  0%| F|  |TAMS 0x00000000a1e00000| PB 0x00000000a1e00000| Untracked 
| 543|0x00000000a1f00000, 0x00000000a1f00000, 0x00000000a2000000|  0%| F|  |TAMS 0x00000000a1f00000| PB 0x00000000a1f00000| Untracked 
| 544|0x00000000a2000000, 0x00000000a2000000, 0x00000000a2100000|  0%| F|  |TAMS 0x00000000a2000000| PB 0x00000000a2000000| Untracked 
| 545|0x00000000a2100000, 0x00000000a2100000, 0x00000000a2200000|  0%| F|  |TAMS 0x00000000a2100000| PB 0x00000000a2100000| Untracked 
| 546|0x00000000a2200000, 0x00000000a2200000, 0x00000000a2300000|  0%| F|  |TAMS 0x00000000a2200000| PB 0x00000000a2200000| Untracked 
| 547|0x00000000a2300000, 0x00000000a2300000, 0x00000000a2400000|  0%| F|  |TAMS 0x00000000a2300000| PB 0x00000000a2300000| Untracked 
| 548|0x00000000a2400000, 0x00000000a2400000, 0x00000000a2500000|  0%| F|  |TAMS 0x00000000a2400000| PB 0x00000000a2400000| Untracked 
| 549|0x00000000a2500000, 0x00000000a2500000, 0x00000000a2600000|  0%| F|  |TAMS 0x00000000a2500000| PB 0x00000000a2500000| Untracked 
| 550|0x00000000a2600000, 0x00000000a2600000, 0x00000000a2700000|  0%| F|  |TAMS 0x00000000a2600000| PB 0x00000000a2600000| Untracked 
| 551|0x00000000a2700000, 0x00000000a2700000, 0x00000000a2800000|  0%| F|  |TAMS 0x00000000a2700000| PB 0x00000000a2700000| Untracked 
| 552|0x00000000a2800000, 0x00000000a2800000, 0x00000000a2900000|  0%| F|  |TAMS 0x00000000a2800000| PB 0x00000000a2800000| Untracked 
| 553|0x00000000a2900000, 0x00000000a2900000, 0x00000000a2a00000|  0%| F|  |TAMS 0x00000000a2900000| PB 0x00000000a2900000| Untracked 
| 554|0x00000000a2a00000, 0x00000000a2a00000, 0x00000000a2b00000|  0%| F|  |TAMS 0x00000000a2a00000| PB 0x00000000a2a00000| Untracked 
| 555|0x00000000a2b00000, 0x00000000a2b00000, 0x00000000a2c00000|  0%| F|  |TAMS 0x00000000a2b00000| PB 0x00000000a2b00000| Untracked 
| 556|0x00000000a2c00000, 0x00000000a2c00000, 0x00000000a2d00000|  0%| F|  |TAMS 0x00000000a2c00000| PB 0x00000000a2c00000| Untracked 
| 557|0x00000000a2d00000, 0x00000000a2d00000, 0x00000000a2e00000|  0%| F|  |TAMS 0x00000000a2d00000| PB 0x00000000a2d00000| Untracked 
| 558|0x00000000a2e00000, 0x00000000a2e00000, 0x00000000a2f00000|  0%| F|  |TAMS 0x00000000a2e00000| PB 0x00000000a2e00000| Untracked 
| 559|0x00000000a2f00000, 0x00000000a2f00000, 0x00000000a3000000|  0%| F|  |TAMS 0x00000000a2f00000| PB 0x00000000a2f00000| Untracked 
| 560|0x00000000a3000000, 0x00000000a3000000, 0x00000000a3100000|  0%| F|  |TAMS 0x00000000a3000000| PB 0x00000000a3000000| Untracked 
| 561|0x00000000a3100000, 0x00000000a3100000, 0x00000000a3200000|  0%| F|  |TAMS 0x00000000a3100000| PB 0x00000000a3100000| Untracked 
| 562|0x00000000a3200000, 0x00000000a3200000, 0x00000000a3300000|  0%| F|  |TAMS 0x00000000a3200000| PB 0x00000000a3200000| Untracked 
| 563|0x00000000a3300000, 0x00000000a3300000, 0x00000000a3400000|  0%| F|  |TAMS 0x00000000a3300000| PB 0x00000000a3300000| Untracked 
| 564|0x00000000a3400000, 0x00000000a3400000, 0x00000000a3500000|  0%| F|  |TAMS 0x00000000a3400000| PB 0x00000000a3400000| Untracked 
| 565|0x00000000a3500000, 0x00000000a3500000, 0x00000000a3600000|  0%| F|  |TAMS 0x00000000a3500000| PB 0x00000000a3500000| Untracked 
| 566|0x00000000a3600000, 0x00000000a3600000, 0x00000000a3700000|  0%| F|  |TAMS 0x00000000a3600000| PB 0x00000000a3600000| Untracked 
| 567|0x00000000a3700000, 0x00000000a3700000, 0x00000000a3800000|  0%| F|  |TAMS 0x00000000a3700000| PB 0x00000000a3700000| Untracked 
| 568|0x00000000a3800000, 0x00000000a3800000, 0x00000000a3900000|  0%| F|  |TAMS 0x00000000a3800000| PB 0x00000000a3800000| Untracked 
| 569|0x00000000a3900000, 0x00000000a3900000, 0x00000000a3a00000|  0%| F|  |TAMS 0x00000000a3900000| PB 0x00000000a3900000| Untracked 
| 570|0x00000000a3a00000, 0x00000000a3a00000, 0x00000000a3b00000|  0%| F|  |TAMS 0x00000000a3a00000| PB 0x00000000a3a00000| Untracked 
| 571|0x00000000a3b00000, 0x00000000a3b00000, 0x00000000a3c00000|  0%| F|  |TAMS 0x00000000a3b00000| PB 0x00000000a3b00000| Untracked 
| 572|0x00000000a3c00000, 0x00000000a3c00000, 0x00000000a3d00000|  0%| F|  |TAMS 0x00000000a3c00000| PB 0x00000000a3c00000| Untracked 
| 573|0x00000000a3d00000, 0x00000000a3d00000, 0x00000000a3e00000|  0%| F|  |TAMS 0x00000000a3d00000| PB 0x00000000a3d00000| Untracked 
| 574|0x00000000a3e00000, 0x00000000a3e00000, 0x00000000a3f00000|  0%| F|  |TAMS 0x00000000a3e00000| PB 0x00000000a3e00000| Untracked 
| 575|0x00000000a3f00000, 0x00000000a3f00000, 0x00000000a4000000|  0%| F|  |TAMS 0x00000000a3f00000| PB 0x00000000a3f00000| Untracked 
| 576|0x00000000a4000000, 0x00000000a4000000, 0x00000000a4100000|  0%| F|  |TAMS 0x00000000a4000000| PB 0x00000000a4000000| Untracked 
| 577|0x00000000a4100000, 0x00000000a4100000, 0x00000000a4200000|  0%| F|  |TAMS 0x00000000a4100000| PB 0x00000000a4100000| Untracked 
| 578|0x00000000a4200000, 0x00000000a4200000, 0x00000000a4300000|  0%| F|  |TAMS 0x00000000a4200000| PB 0x00000000a4200000| Untracked 
| 579|0x00000000a4300000, 0x00000000a4300000, 0x00000000a4400000|  0%| F|  |TAMS 0x00000000a4300000| PB 0x00000000a4300000| Untracked 
| 580|0x00000000a4400000, 0x00000000a4400000, 0x00000000a4500000|  0%| F|  |TAMS 0x00000000a4400000| PB 0x00000000a4400000| Untracked 
| 581|0x00000000a4500000, 0x00000000a4500000, 0x00000000a4600000|  0%| F|  |TAMS 0x00000000a4500000| PB 0x00000000a4500000| Untracked 
| 582|0x00000000a4600000, 0x00000000a4600000, 0x00000000a4700000|  0%| F|  |TAMS 0x00000000a4600000| PB 0x00000000a4600000| Untracked 
| 583|0x00000000a4700000, 0x00000000a4700000, 0x00000000a4800000|  0%| F|  |TAMS 0x00000000a4700000| PB 0x00000000a4700000| Untracked 
| 584|0x00000000a4800000, 0x00000000a4800000, 0x00000000a4900000|  0%| F|  |TAMS 0x00000000a4800000| PB 0x00000000a4800000| Untracked 
| 585|0x00000000a4900000, 0x00000000a4900000, 0x00000000a4a00000|  0%| F|  |TAMS 0x00000000a4900000| PB 0x00000000a4900000| Untracked 
| 586|0x00000000a4a00000, 0x00000000a4a00000, 0x00000000a4b00000|  0%| F|  |TAMS 0x00000000a4a00000| PB 0x00000000a4a00000| Untracked 
| 587|0x00000000a4b00000, 0x00000000a4b00000, 0x00000000a4c00000|  0%| F|  |TAMS 0x00000000a4b00000| PB 0x00000000a4b00000| Untracked 
| 588|0x00000000a4c00000, 0x00000000a4c00000, 0x00000000a4d00000|  0%| F|  |TAMS 0x00000000a4c00000| PB 0x00000000a4c00000| Untracked 
| 589|0x00000000a4d00000, 0x00000000a4d00000, 0x00000000a4e00000|  0%| F|  |TAMS 0x00000000a4d00000| PB 0x00000000a4d00000| Untracked 
| 590|0x00000000a4e00000, 0x00000000a4e00000, 0x00000000a4f00000|  0%| F|  |TAMS 0x00000000a4e00000| PB 0x00000000a4e00000| Untracked 
| 591|0x00000000a4f00000, 0x00000000a4f00000, 0x00000000a5000000|  0%| F|  |TAMS 0x00000000a4f00000| PB 0x00000000a4f00000| Untracked 
| 592|0x00000000a5000000, 0x00000000a5000000, 0x00000000a5100000|  0%| F|  |TAMS 0x00000000a5000000| PB 0x00000000a5000000| Untracked 
| 593|0x00000000a5100000, 0x00000000a5100000, 0x00000000a5200000|  0%| F|  |TAMS 0x00000000a5100000| PB 0x00000000a5100000| Untracked 
| 594|0x00000000a5200000, 0x00000000a5200000, 0x00000000a5300000|  0%| F|  |TAMS 0x00000000a5200000| PB 0x00000000a5200000| Untracked 
| 595|0x00000000a5300000, 0x00000000a5300000, 0x00000000a5400000|  0%| F|  |TAMS 0x00000000a5300000| PB 0x00000000a5300000| Untracked 
| 596|0x00000000a5400000, 0x00000000a5400000, 0x00000000a5500000|  0%| F|  |TAMS 0x00000000a5400000| PB 0x00000000a5400000| Untracked 
| 597|0x00000000a5500000, 0x00000000a5500000, 0x00000000a5600000|  0%| F|  |TAMS 0x00000000a5500000| PB 0x00000000a5500000| Untracked 
| 598|0x00000000a5600000, 0x00000000a5600000, 0x00000000a5700000|  0%| F|  |TAMS 0x00000000a5600000| PB 0x00000000a5600000| Untracked 
| 599|0x00000000a5700000, 0x00000000a5700000, 0x00000000a5800000|  0%| F|  |TAMS 0x00000000a5700000| PB 0x00000000a5700000| Untracked 
| 600|0x00000000a5800000, 0x00000000a5800000, 0x00000000a5900000|  0%| F|  |TAMS 0x00000000a5800000| PB 0x00000000a5800000| Untracked 
| 601|0x00000000a5900000, 0x00000000a5900000, 0x00000000a5a00000|  0%| F|  |TAMS 0x00000000a5900000| PB 0x00000000a5900000| Untracked 
| 602|0x00000000a5a00000, 0x00000000a5a00000, 0x00000000a5b00000|  0%| F|  |TAMS 0x00000000a5a00000| PB 0x00000000a5a00000| Untracked 
| 603|0x00000000a5b00000, 0x00000000a5b00000, 0x00000000a5c00000|  0%| F|  |TAMS 0x00000000a5b00000| PB 0x00000000a5b00000| Untracked 
| 604|0x00000000a5c00000, 0x00000000a5c00000, 0x00000000a5d00000|  0%| F|  |TAMS 0x00000000a5c00000| PB 0x00000000a5c00000| Untracked 
| 605|0x00000000a5d00000, 0x00000000a5d00000, 0x00000000a5e00000|  0%| F|  |TAMS 0x00000000a5d00000| PB 0x00000000a5d00000| Untracked 
| 606|0x00000000a5e00000, 0x00000000a5e00000, 0x00000000a5f00000|  0%| F|  |TAMS 0x00000000a5e00000| PB 0x00000000a5e00000| Untracked 
| 607|0x00000000a5f00000, 0x00000000a5f00000, 0x00000000a6000000|  0%| F|  |TAMS 0x00000000a5f00000| PB 0x00000000a5f00000| Untracked 
| 608|0x00000000a6000000, 0x00000000a6000000, 0x00000000a6100000|  0%| F|  |TAMS 0x00000000a6000000| PB 0x00000000a6000000| Untracked 
| 609|0x00000000a6100000, 0x00000000a6100000, 0x00000000a6200000|  0%| F|  |TAMS 0x00000000a6100000| PB 0x00000000a6100000| Untracked 
| 610|0x00000000a6200000, 0x00000000a6200000, 0x00000000a6300000|  0%| F|  |TAMS 0x00000000a6200000| PB 0x00000000a6200000| Untracked 
| 611|0x00000000a6300000, 0x00000000a6300000, 0x00000000a6400000|  0%| F|  |TAMS 0x00000000a6300000| PB 0x00000000a6300000| Untracked 
| 612|0x00000000a6400000, 0x00000000a6400000, 0x00000000a6500000|  0%| F|  |TAMS 0x00000000a6400000| PB 0x00000000a6400000| Untracked 
| 613|0x00000000a6500000, 0x00000000a6500000, 0x00000000a6600000|  0%| F|  |TAMS 0x00000000a6500000| PB 0x00000000a6500000| Untracked 
| 614|0x00000000a6600000, 0x00000000a6600000, 0x00000000a6700000|  0%| F|  |TAMS 0x00000000a6600000| PB 0x00000000a6600000| Untracked 
| 615|0x00000000a6700000, 0x00000000a6700000, 0x00000000a6800000|  0%| F|  |TAMS 0x00000000a6700000| PB 0x00000000a6700000| Untracked 
| 616|0x00000000a6800000, 0x00000000a6800000, 0x00000000a6900000|  0%| F|  |TAMS 0x00000000a6800000| PB 0x00000000a6800000| Untracked 
| 617|0x00000000a6900000, 0x00000000a6900000, 0x00000000a6a00000|  0%| F|  |TAMS 0x00000000a6900000| PB 0x00000000a6900000| Untracked 
| 618|0x00000000a6a00000, 0x00000000a6a00000, 0x00000000a6b00000|  0%| F|  |TAMS 0x00000000a6a00000| PB 0x00000000a6a00000| Untracked 
| 619|0x00000000a6b00000, 0x00000000a6b00000, 0x00000000a6c00000|  0%| F|  |TAMS 0x00000000a6b00000| PB 0x00000000a6b00000| Untracked 
| 620|0x00000000a6c00000, 0x00000000a6c00000, 0x00000000a6d00000|  0%| F|  |TAMS 0x00000000a6c00000| PB 0x00000000a6c00000| Untracked 
| 621|0x00000000a6d00000, 0x00000000a6d00000, 0x00000000a6e00000|  0%| F|  |TAMS 0x00000000a6d00000| PB 0x00000000a6d00000| Untracked 
| 622|0x00000000a6e00000, 0x00000000a6e00000, 0x00000000a6f00000|  0%| F|  |TAMS 0x00000000a6e00000| PB 0x00000000a6e00000| Untracked 
| 623|0x00000000a6f00000, 0x00000000a6f00000, 0x00000000a7000000|  0%| F|  |TAMS 0x00000000a6f00000| PB 0x00000000a6f00000| Untracked 
| 624|0x00000000a7000000, 0x00000000a7000000, 0x00000000a7100000|  0%| F|  |TAMS 0x00000000a7000000| PB 0x00000000a7000000| Untracked 
| 625|0x00000000a7100000, 0x00000000a7100000, 0x00000000a7200000|  0%| F|  |TAMS 0x00000000a7100000| PB 0x00000000a7100000| Untracked 
| 626|0x00000000a7200000, 0x00000000a7200000, 0x00000000a7300000|  0%| F|  |TAMS 0x00000000a7200000| PB 0x00000000a7200000| Untracked 
| 627|0x00000000a7300000, 0x00000000a7300000, 0x00000000a7400000|  0%| F|  |TAMS 0x00000000a7300000| PB 0x00000000a7300000| Untracked 
| 628|0x00000000a7400000, 0x00000000a7400000, 0x00000000a7500000|  0%| F|  |TAMS 0x00000000a7400000| PB 0x00000000a7400000| Untracked 
| 629|0x00000000a7500000, 0x00000000a7500000, 0x00000000a7600000|  0%| F|  |TAMS 0x00000000a7500000| PB 0x00000000a7500000| Untracked 
| 630|0x00000000a7600000, 0x00000000a7600000, 0x00000000a7700000|  0%| F|  |TAMS 0x00000000a7600000| PB 0x00000000a7600000| Untracked 
| 631|0x00000000a7700000, 0x00000000a7700000, 0x00000000a7800000|  0%| F|  |TAMS 0x00000000a7700000| PB 0x00000000a7700000| Untracked 
| 632|0x00000000a7800000, 0x00000000a7800000, 0x00000000a7900000|  0%| F|  |TAMS 0x00000000a7800000| PB 0x00000000a7800000| Untracked 
| 633|0x00000000a7900000, 0x00000000a7900000, 0x00000000a7a00000|  0%| F|  |TAMS 0x00000000a7900000| PB 0x00000000a7900000| Untracked 
| 634|0x00000000a7a00000, 0x00000000a7a00000, 0x00000000a7b00000|  0%| F|  |TAMS 0x00000000a7a00000| PB 0x00000000a7a00000| Untracked 
| 635|0x00000000a7b00000, 0x00000000a7b00000, 0x00000000a7c00000|  0%| F|  |TAMS 0x00000000a7b00000| PB 0x00000000a7b00000| Untracked 
| 636|0x00000000a7c00000, 0x00000000a7c00000, 0x00000000a7d00000|  0%| F|  |TAMS 0x00000000a7c00000| PB 0x00000000a7c00000| Untracked 
| 637|0x00000000a7d00000, 0x00000000a7d00000, 0x00000000a7e00000|  0%| F|  |TAMS 0x00000000a7d00000| PB 0x00000000a7d00000| Untracked 
| 638|0x00000000a7e00000, 0x00000000a7e00000, 0x00000000a7f00000|  0%| F|  |TAMS 0x00000000a7e00000| PB 0x00000000a7e00000| Untracked 
| 639|0x00000000a7f00000, 0x00000000a7f00000, 0x00000000a8000000|  0%| F|  |TAMS 0x00000000a7f00000| PB 0x00000000a7f00000| Untracked 
| 640|0x00000000a8000000, 0x00000000a8000000, 0x00000000a8100000|  0%| F|  |TAMS 0x00000000a8000000| PB 0x00000000a8000000| Untracked 
| 641|0x00000000a8100000, 0x00000000a8100000, 0x00000000a8200000|  0%| F|  |TAMS 0x00000000a8100000| PB 0x00000000a8100000| Untracked 
| 642|0x00000000a8200000, 0x00000000a8200000, 0x00000000a8300000|  0%| F|  |TAMS 0x00000000a8200000| PB 0x00000000a8200000| Untracked 
| 643|0x00000000a8300000, 0x00000000a8300000, 0x00000000a8400000|  0%| F|  |TAMS 0x00000000a8300000| PB 0x00000000a8300000| Untracked 
| 644|0x00000000a8400000, 0x00000000a8400000, 0x00000000a8500000|  0%| F|  |TAMS 0x00000000a8400000| PB 0x00000000a8400000| Untracked 
| 645|0x00000000a8500000, 0x00000000a8500000, 0x00000000a8600000|  0%| F|  |TAMS 0x00000000a8500000| PB 0x00000000a8500000| Untracked 
| 646|0x00000000a8600000, 0x00000000a8600000, 0x00000000a8700000|  0%| F|  |TAMS 0x00000000a8600000| PB 0x00000000a8600000| Untracked 
| 647|0x00000000a8700000, 0x00000000a8700000, 0x00000000a8800000|  0%| F|  |TAMS 0x00000000a8700000| PB 0x00000000a8700000| Untracked 
| 648|0x00000000a8800000, 0x00000000a8800000, 0x00000000a8900000|  0%| F|  |TAMS 0x00000000a8800000| PB 0x00000000a8800000| Untracked 
| 649|0x00000000a8900000, 0x00000000a8900000, 0x00000000a8a00000|  0%| F|  |TAMS 0x00000000a8900000| PB 0x00000000a8900000| Untracked 
| 650|0x00000000a8a00000, 0x00000000a8a00000, 0x00000000a8b00000|  0%| F|  |TAMS 0x00000000a8a00000| PB 0x00000000a8a00000| Untracked 
| 651|0x00000000a8b00000, 0x00000000a8b00000, 0x00000000a8c00000|  0%| F|  |TAMS 0x00000000a8b00000| PB 0x00000000a8b00000| Untracked 
| 652|0x00000000a8c00000, 0x00000000a8c00000, 0x00000000a8d00000|  0%| F|  |TAMS 0x00000000a8c00000| PB 0x00000000a8c00000| Untracked 
| 653|0x00000000a8d00000, 0x00000000a8d00000, 0x00000000a8e00000|  0%| F|  |TAMS 0x00000000a8d00000| PB 0x00000000a8d00000| Untracked 
| 654|0x00000000a8e00000, 0x00000000a8e00000, 0x00000000a8f00000|  0%| F|  |TAMS 0x00000000a8e00000| PB 0x00000000a8e00000| Untracked 
| 655|0x00000000a8f00000, 0x00000000a8f00000, 0x00000000a9000000|  0%| F|  |TAMS 0x00000000a8f00000| PB 0x00000000a8f00000| Untracked 
| 656|0x00000000a9000000, 0x00000000a9000000, 0x00000000a9100000|  0%| F|  |TAMS 0x00000000a9000000| PB 0x00000000a9000000| Untracked 
| 657|0x00000000a9100000, 0x00000000a9100000, 0x00000000a9200000|  0%| F|  |TAMS 0x00000000a9100000| PB 0x00000000a9100000| Untracked 
| 658|0x00000000a9200000, 0x00000000a9200000, 0x00000000a9300000|  0%| F|  |TAMS 0x00000000a9200000| PB 0x00000000a9200000| Untracked 
| 659|0x00000000a9300000, 0x00000000a9300000, 0x00000000a9400000|  0%| F|  |TAMS 0x00000000a9300000| PB 0x00000000a9300000| Untracked 
| 660|0x00000000a9400000, 0x00000000a9400000, 0x00000000a9500000|  0%| F|  |TAMS 0x00000000a9400000| PB 0x00000000a9400000| Untracked 
| 661|0x00000000a9500000, 0x00000000a9500000, 0x00000000a9600000|  0%| F|  |TAMS 0x00000000a9500000| PB 0x00000000a9500000| Untracked 
| 662|0x00000000a9600000, 0x00000000a9600000, 0x00000000a9700000|  0%| F|  |TAMS 0x00000000a9600000| PB 0x00000000a9600000| Untracked 
| 663|0x00000000a9700000, 0x00000000a9700000, 0x00000000a9800000|  0%| F|  |TAMS 0x00000000a9700000| PB 0x00000000a9700000| Untracked 
| 664|0x00000000a9800000, 0x00000000a9800000, 0x00000000a9900000|  0%| F|  |TAMS 0x00000000a9800000| PB 0x00000000a9800000| Untracked 
| 665|0x00000000a9900000, 0x00000000a9900000, 0x00000000a9a00000|  0%| F|  |TAMS 0x00000000a9900000| PB 0x00000000a9900000| Untracked 
| 666|0x00000000a9a00000, 0x00000000a9a00000, 0x00000000a9b00000|  0%| F|  |TAMS 0x00000000a9a00000| PB 0x00000000a9a00000| Untracked 
| 667|0x00000000a9b00000, 0x00000000a9b00000, 0x00000000a9c00000|  0%| F|  |TAMS 0x00000000a9b00000| PB 0x00000000a9b00000| Untracked 
| 668|0x00000000a9c00000, 0x00000000a9c00000, 0x00000000a9d00000|  0%| F|  |TAMS 0x00000000a9c00000| PB 0x00000000a9c00000| Untracked 
| 669|0x00000000a9d00000, 0x00000000a9d00000, 0x00000000a9e00000|  0%| F|  |TAMS 0x00000000a9d00000| PB 0x00000000a9d00000| Untracked 
| 670|0x00000000a9e00000, 0x00000000a9e00000, 0x00000000a9f00000|  0%| F|  |TAMS 0x00000000a9e00000| PB 0x00000000a9e00000| Untracked 
| 671|0x00000000a9f00000, 0x00000000a9f00000, 0x00000000aa000000|  0%| F|  |TAMS 0x00000000a9f00000| PB 0x00000000a9f00000| Untracked 
| 672|0x00000000aa000000, 0x00000000aa000000, 0x00000000aa100000|  0%| F|  |TAMS 0x00000000aa000000| PB 0x00000000aa000000| Untracked 
| 673|0x00000000aa100000, 0x00000000aa100000, 0x00000000aa200000|  0%| F|  |TAMS 0x00000000aa100000| PB 0x00000000aa100000| Untracked 
| 674|0x00000000aa200000, 0x00000000aa200000, 0x00000000aa300000|  0%| F|  |TAMS 0x00000000aa200000| PB 0x00000000aa200000| Untracked 
| 675|0x00000000aa300000, 0x00000000aa300000, 0x00000000aa400000|  0%| F|  |TAMS 0x00000000aa300000| PB 0x00000000aa300000| Untracked 
| 676|0x00000000aa400000, 0x00000000aa400000, 0x00000000aa500000|  0%| F|  |TAMS 0x00000000aa400000| PB 0x00000000aa400000| Untracked 
| 677|0x00000000aa500000, 0x00000000aa500000, 0x00000000aa600000|  0%| F|  |TAMS 0x00000000aa500000| PB 0x00000000aa500000| Untracked 
| 678|0x00000000aa600000, 0x00000000aa600000, 0x00000000aa700000|  0%| F|  |TAMS 0x00000000aa600000| PB 0x00000000aa600000| Untracked 
| 679|0x00000000aa700000, 0x00000000aa700000, 0x00000000aa800000|  0%| F|  |TAMS 0x00000000aa700000| PB 0x00000000aa700000| Untracked 
| 680|0x00000000aa800000, 0x00000000aa800000, 0x00000000aa900000|  0%| F|  |TAMS 0x00000000aa800000| PB 0x00000000aa800000| Untracked 
| 681|0x00000000aa900000, 0x00000000aa900000, 0x00000000aaa00000|  0%| F|  |TAMS 0x00000000aa900000| PB 0x00000000aa900000| Untracked 
| 682|0x00000000aaa00000, 0x00000000aaa00000, 0x00000000aab00000|  0%| F|  |TAMS 0x00000000aaa00000| PB 0x00000000aaa00000| Untracked 
| 683|0x00000000aab00000, 0x00000000aab00000, 0x00000000aac00000|  0%| F|  |TAMS 0x00000000aab00000| PB 0x00000000aab00000| Untracked 
| 684|0x00000000aac00000, 0x00000000aac00000, 0x00000000aad00000|  0%| F|  |TAMS 0x00000000aac00000| PB 0x00000000aac00000| Untracked 
| 685|0x00000000aad00000, 0x00000000aad00000, 0x00000000aae00000|  0%| F|  |TAMS 0x00000000aad00000| PB 0x00000000aad00000| Untracked 
| 686|0x00000000aae00000, 0x00000000aae00000, 0x00000000aaf00000|  0%| F|  |TAMS 0x00000000aae00000| PB 0x00000000aae00000| Untracked 
| 687|0x00000000aaf00000, 0x00000000aaf00000, 0x00000000ab000000|  0%| F|  |TAMS 0x00000000aaf00000| PB 0x00000000aaf00000| Untracked 
| 688|0x00000000ab000000, 0x00000000ab000000, 0x00000000ab100000|  0%| F|  |TAMS 0x00000000ab000000| PB 0x00000000ab000000| Untracked 
| 689|0x00000000ab100000, 0x00000000ab100000, 0x00000000ab200000|  0%| F|  |TAMS 0x00000000ab100000| PB 0x00000000ab100000| Untracked 
| 690|0x00000000ab200000, 0x00000000ab200000, 0x00000000ab300000|  0%| F|  |TAMS 0x00000000ab200000| PB 0x00000000ab200000| Untracked 
| 691|0x00000000ab300000, 0x00000000ab300000, 0x00000000ab400000|  0%| F|  |TAMS 0x00000000ab300000| PB 0x00000000ab300000| Untracked 
| 692|0x00000000ab400000, 0x00000000ab400000, 0x00000000ab500000|  0%| F|  |TAMS 0x00000000ab400000| PB 0x00000000ab400000| Untracked 
| 693|0x00000000ab500000, 0x00000000ab500000, 0x00000000ab600000|  0%| F|  |TAMS 0x00000000ab500000| PB 0x00000000ab500000| Untracked 
| 694|0x00000000ab600000, 0x00000000ab600000, 0x00000000ab700000|  0%| F|  |TAMS 0x00000000ab600000| PB 0x00000000ab600000| Untracked 
| 695|0x00000000ab700000, 0x00000000ab700000, 0x00000000ab800000|  0%| F|  |TAMS 0x00000000ab700000| PB 0x00000000ab700000| Untracked 
| 696|0x00000000ab800000, 0x00000000ab800000, 0x00000000ab900000|  0%| F|  |TAMS 0x00000000ab800000| PB 0x00000000ab800000| Untracked 
| 697|0x00000000ab900000, 0x00000000ab900000, 0x00000000aba00000|  0%| F|  |TAMS 0x00000000ab900000| PB 0x00000000ab900000| Untracked 
| 698|0x00000000aba00000, 0x00000000aba00000, 0x00000000abb00000|  0%| F|  |TAMS 0x00000000aba00000| PB 0x00000000aba00000| Untracked 
| 699|0x00000000abb00000, 0x00000000abb00000, 0x00000000abc00000|  0%| F|  |TAMS 0x00000000abb00000| PB 0x00000000abb00000| Untracked 
| 700|0x00000000abc00000, 0x00000000abc00000, 0x00000000abd00000|  0%| F|  |TAMS 0x00000000abc00000| PB 0x00000000abc00000| Untracked 
| 701|0x00000000abd00000, 0x00000000abd00000, 0x00000000abe00000|  0%| F|  |TAMS 0x00000000abd00000| PB 0x00000000abd00000| Untracked 
| 702|0x00000000abe00000, 0x00000000abe00000, 0x00000000abf00000|  0%| F|  |TAMS 0x00000000abe00000| PB 0x00000000abe00000| Untracked 
| 703|0x00000000abf00000, 0x00000000abf00000, 0x00000000ac000000|  0%| F|  |TAMS 0x00000000abf00000| PB 0x00000000abf00000| Untracked 
| 704|0x00000000ac000000, 0x00000000ac000000, 0x00000000ac100000|  0%| F|  |TAMS 0x00000000ac000000| PB 0x00000000ac000000| Untracked 
| 705|0x00000000ac100000, 0x00000000ac100000, 0x00000000ac200000|  0%| F|  |TAMS 0x00000000ac100000| PB 0x00000000ac100000| Untracked 
| 706|0x00000000ac200000, 0x00000000ac200000, 0x00000000ac300000|  0%| F|  |TAMS 0x00000000ac200000| PB 0x00000000ac200000| Untracked 
| 707|0x00000000ac300000, 0x00000000ac300000, 0x00000000ac400000|  0%| F|  |TAMS 0x00000000ac300000| PB 0x00000000ac300000| Untracked 
| 708|0x00000000ac400000, 0x00000000ac4193a0, 0x00000000ac500000|  9%| E|  |TAMS 0x00000000ac400000| PB 0x00000000ac400000| Complete 
| 709|0x00000000ac500000, 0x00000000ac600000, 0x00000000ac600000|100%| E|CS|TAMS 0x00000000ac500000| PB 0x00000000ac500000| Complete 
| 710|0x00000000ac600000, 0x00000000ac700000, 0x00000000ac700000|100%| E|CS|TAMS 0x00000000ac600000| PB 0x00000000ac600000| Complete 
| 711|0x00000000ac700000, 0x00000000ac800000, 0x00000000ac800000|100%| E|CS|TAMS 0x00000000ac700000| PB 0x00000000ac700000| Complete 
| 712|0x00000000ac800000, 0x00000000ac900000, 0x00000000ac900000|100%| E|CS|TAMS 0x00000000ac800000| PB 0x00000000ac800000| Complete 
| 713|0x00000000ac900000, 0x00000000aca00000, 0x00000000aca00000|100%| E|CS|TAMS 0x00000000ac900000| PB 0x00000000ac900000| Complete 
| 714|0x00000000aca00000, 0x00000000acb00000, 0x00000000acb00000|100%| E|CS|TAMS 0x00000000aca00000| PB 0x00000000aca00000| Complete 
| 715|0x00000000acb00000, 0x00000000acc00000, 0x00000000acc00000|100%| E|CS|TAMS 0x00000000acb00000| PB 0x00000000acb00000| Complete 
| 716|0x00000000acc00000, 0x00000000acd00000, 0x00000000acd00000|100%| E|CS|TAMS 0x00000000acc00000| PB 0x00000000acc00000| Complete 
| 717|0x00000000acd00000, 0x00000000ace00000, 0x00000000ace00000|100%| E|CS|TAMS 0x00000000acd00000| PB 0x00000000acd00000| Complete 
| 718|0x00000000ace00000, 0x00000000acf00000, 0x00000000acf00000|100%| E|CS|TAMS 0x00000000ace00000| PB 0x00000000ace00000| Complete 
| 719|0x00000000acf00000, 0x00000000ad000000, 0x00000000ad000000|100%| E|CS|TAMS 0x00000000acf00000| PB 0x00000000acf00000| Complete 
| 720|0x00000000ad000000, 0x00000000ad100000, 0x00000000ad100000|100%| E|CS|TAMS 0x00000000ad000000| PB 0x00000000ad000000| Complete 
| 721|0x00000000ad100000, 0x00000000ad200000, 0x00000000ad200000|100%| E|CS|TAMS 0x00000000ad100000| PB 0x00000000ad100000| Complete 
| 722|0x00000000ad200000, 0x00000000ad300000, 0x00000000ad300000|100%| E|  |TAMS 0x00000000ad200000| PB 0x00000000ad200000| Complete 
| 723|0x00000000ad300000, 0x00000000ad400000, 0x00000000ad400000|100%| E|CS|TAMS 0x00000000ad300000| PB 0x00000000ad300000| Complete 
| 724|0x00000000ad400000, 0x00000000ad500000, 0x00000000ad500000|100%| E|CS|TAMS 0x00000000ad400000| PB 0x00000000ad400000| Complete 
| 725|0x00000000ad500000, 0x00000000ad600000, 0x00000000ad600000|100%| E|CS|TAMS 0x00000000ad500000| PB 0x00000000ad500000| Complete 
| 726|0x00000000ad600000, 0x00000000ad700000, 0x00000000ad700000|100%| E|CS|TAMS 0x00000000ad600000| PB 0x00000000ad600000| Complete 
| 727|0x00000000ad700000, 0x00000000ad800000, 0x00000000ad800000|100%| E|CS|TAMS 0x00000000ad700000| PB 0x00000000ad700000| Complete 
| 728|0x00000000ad800000, 0x00000000ad900000, 0x00000000ad900000|100%| E|CS|TAMS 0x00000000ad800000| PB 0x00000000ad800000| Complete 
| 729|0x00000000ad900000, 0x00000000ada00000, 0x00000000ada00000|100%| E|CS|TAMS 0x00000000ad900000| PB 0x00000000ad900000| Complete 
| 730|0x00000000ada00000, 0x00000000adb00000, 0x00000000adb00000|100%| E|CS|TAMS 0x00000000ada00000| PB 0x00000000ada00000| Complete 
| 731|0x00000000adb00000, 0x00000000adc00000, 0x00000000adc00000|100%| E|CS|TAMS 0x00000000adb00000| PB 0x00000000adb00000| Complete 
| 732|0x00000000adc00000, 0x00000000add00000, 0x00000000add00000|100%| E|CS|TAMS 0x00000000adc00000| PB 0x00000000adc00000| Complete 
| 733|0x00000000add00000, 0x00000000ade00000, 0x00000000ade00000|100%| E|CS|TAMS 0x00000000add00000| PB 0x00000000add00000| Complete 
| 734|0x00000000ade00000, 0x00000000adf00000, 0x00000000adf00000|100%| E|CS|TAMS 0x00000000ade00000| PB 0x00000000ade00000| Complete 
| 735|0x00000000adf00000, 0x00000000ae000000, 0x00000000ae000000|100%| E|CS|TAMS 0x00000000adf00000| PB 0x00000000adf00000| Complete 
| 736|0x00000000ae000000, 0x00000000ae100000, 0x00000000ae100000|100%| E|CS|TAMS 0x00000000ae000000| PB 0x00000000ae000000| Complete 
| 737|0x00000000ae100000, 0x00000000ae200000, 0x00000000ae200000|100%| E|CS|TAMS 0x00000000ae100000| PB 0x00000000ae100000| Complete 
| 738|0x00000000ae200000, 0x00000000ae300000, 0x00000000ae300000|100%| E|CS|TAMS 0x00000000ae200000| PB 0x00000000ae200000| Complete 
| 739|0x00000000ae300000, 0x00000000ae400000, 0x00000000ae400000|100%| E|CS|TAMS 0x00000000ae300000| PB 0x00000000ae300000| Complete 
| 740|0x00000000ae400000, 0x00000000ae500000, 0x00000000ae500000|100%| E|CS|TAMS 0x00000000ae400000| PB 0x00000000ae400000| Complete 
| 741|0x00000000ae500000, 0x00000000ae600000, 0x00000000ae600000|100%| E|CS|TAMS 0x00000000ae500000| PB 0x00000000ae500000| Complete 
| 742|0x00000000ae600000, 0x00000000ae700000, 0x00000000ae700000|100%| E|CS|TAMS 0x00000000ae600000| PB 0x00000000ae600000| Complete 
| 743|0x00000000ae700000, 0x00000000ae800000, 0x00000000ae800000|100%| E|CS|TAMS 0x00000000ae700000| PB 0x00000000ae700000| Complete 
| 744|0x00000000ae800000, 0x00000000ae900000, 0x00000000ae900000|100%| E|CS|TAMS 0x00000000ae800000| PB 0x00000000ae800000| Complete 
| 745|0x00000000ae900000, 0x00000000aea00000, 0x00000000aea00000|100%| E|CS|TAMS 0x00000000ae900000| PB 0x00000000ae900000| Complete 
| 746|0x00000000aea00000, 0x00000000aeb00000, 0x00000000aeb00000|100%| E|CS|TAMS 0x00000000aea00000| PB 0x00000000aea00000| Complete 
| 747|0x00000000aeb00000, 0x00000000aec00000, 0x00000000aec00000|100%| E|CS|TAMS 0x00000000aeb00000| PB 0x00000000aeb00000| Complete 
| 748|0x00000000aec00000, 0x00000000aed00000, 0x00000000aed00000|100%| E|CS|TAMS 0x00000000aec00000| PB 0x00000000aec00000| Complete 
| 749|0x00000000aed00000, 0x00000000aee00000, 0x00000000aee00000|100%| E|CS|TAMS 0x00000000aed00000| PB 0x00000000aed00000| Complete 
| 750|0x00000000aee00000, 0x00000000aef00000, 0x00000000aef00000|100%| E|CS|TAMS 0x00000000aee00000| PB 0x00000000aee00000| Complete 
| 751|0x00000000aef00000, 0x00000000af000000, 0x00000000af000000|100%| E|CS|TAMS 0x00000000aef00000| PB 0x00000000aef00000| Complete 
| 752|0x00000000af000000, 0x00000000af100000, 0x00000000af100000|100%| E|CS|TAMS 0x00000000af000000| PB 0x00000000af000000| Complete 
| 753|0x00000000af100000, 0x00000000af200000, 0x00000000af200000|100%| E|CS|TAMS 0x00000000af100000| PB 0x00000000af100000| Complete 
| 754|0x00000000af200000, 0x00000000af300000, 0x00000000af300000|100%| E|CS|TAMS 0x00000000af200000| PB 0x00000000af200000| Complete 
| 755|0x00000000af300000, 0x00000000af400000, 0x00000000af400000|100%| E|CS|TAMS 0x00000000af300000| PB 0x00000000af300000| Complete 
| 756|0x00000000af400000, 0x00000000af500000, 0x00000000af500000|100%| E|CS|TAMS 0x00000000af400000| PB 0x00000000af400000| Complete 
| 757|0x00000000af500000, 0x00000000af600000, 0x00000000af600000|100%| E|CS|TAMS 0x00000000af500000| PB 0x00000000af500000| Complete 
| 758|0x00000000af600000, 0x00000000af700000, 0x00000000af700000|100%| E|CS|TAMS 0x00000000af600000| PB 0x00000000af600000| Complete 
| 759|0x00000000af700000, 0x00000000af800000, 0x00000000af800000|100%| E|CS|TAMS 0x00000000af700000| PB 0x00000000af700000| Complete 
| 760|0x00000000af800000, 0x00000000af900000, 0x00000000af900000|100%| E|CS|TAMS 0x00000000af800000| PB 0x00000000af800000| Complete 
| 761|0x00000000af900000, 0x00000000afa00000, 0x00000000afa00000|100%| E|CS|TAMS 0x00000000af900000| PB 0x00000000af900000| Complete 
| 762|0x00000000afa00000, 0x00000000afb00000, 0x00000000afb00000|100%| E|CS|TAMS 0x00000000afa00000| PB 0x00000000afa00000| Complete 
| 763|0x00000000afb00000, 0x00000000afc00000, 0x00000000afc00000|100%| E|CS|TAMS 0x00000000afb00000| PB 0x00000000afb00000| Complete 
| 764|0x00000000afc00000, 0x00000000afd00000, 0x00000000afd00000|100%| E|CS|TAMS 0x00000000afc00000| PB 0x00000000afc00000| Complete 
| 765|0x00000000afd00000, 0x00000000afe00000, 0x00000000afe00000|100%| E|CS|TAMS 0x00000000afd00000| PB 0x00000000afd00000| Complete 
| 766|0x00000000afe00000, 0x00000000aff00000, 0x00000000aff00000|100%| E|CS|TAMS 0x00000000afe00000| PB 0x00000000afe00000| Complete 
| 767|0x00000000aff00000, 0x00000000b0000000, 0x00000000b0000000|100%| E|CS|TAMS 0x00000000aff00000| PB 0x00000000aff00000| Complete 
| 768|0x00000000b0000000, 0x00000000b0100000, 0x00000000b0100000|100%| E|CS|TAMS 0x00000000b0000000| PB 0x00000000b0000000| Complete 
| 769|0x00000000b0100000, 0x00000000b0200000, 0x00000000b0200000|100%| E|CS|TAMS 0x00000000b0100000| PB 0x00000000b0100000| Complete 
| 770|0x00000000b0200000, 0x00000000b0300000, 0x00000000b0300000|100%| E|CS|TAMS 0x00000000b0200000| PB 0x00000000b0200000| Complete 
| 771|0x00000000b0300000, 0x00000000b0400000, 0x00000000b0400000|100%| E|CS|TAMS 0x00000000b0300000| PB 0x00000000b0300000| Complete 
| 772|0x00000000b0400000, 0x00000000b0500000, 0x00000000b0500000|100%| E|CS|TAMS 0x00000000b0400000| PB 0x00000000b0400000| Complete 
| 773|0x00000000b0500000, 0x00000000b0600000, 0x00000000b0600000|100%| E|CS|TAMS 0x00000000b0500000| PB 0x00000000b0500000| Complete 
| 774|0x00000000b0600000, 0x00000000b0700000, 0x00000000b0700000|100%| E|CS|TAMS 0x00000000b0600000| PB 0x00000000b0600000| Complete 
| 775|0x00000000b0700000, 0x00000000b0800000, 0x00000000b0800000|100%| E|CS|TAMS 0x00000000b0700000| PB 0x00000000b0700000| Complete 
| 776|0x00000000b0800000, 0x00000000b0900000, 0x00000000b0900000|100%| E|CS|TAMS 0x00000000b0800000| PB 0x00000000b0800000| Complete 
| 777|0x00000000b0900000, 0x00000000b0a00000, 0x00000000b0a00000|100%| E|CS|TAMS 0x00000000b0900000| PB 0x00000000b0900000| Complete 
| 778|0x00000000b0a00000, 0x00000000b0b00000, 0x00000000b0b00000|100%| E|CS|TAMS 0x00000000b0a00000| PB 0x00000000b0a00000| Complete 
| 779|0x00000000b0b00000, 0x00000000b0c00000, 0x00000000b0c00000|100%| E|CS|TAMS 0x00000000b0b00000| PB 0x00000000b0b00000| Complete 
| 780|0x00000000b0c00000, 0x00000000b0d00000, 0x00000000b0d00000|100%| E|CS|TAMS 0x00000000b0c00000| PB 0x00000000b0c00000| Complete 
| 781|0x00000000b0d00000, 0x00000000b0e00000, 0x00000000b0e00000|100%| E|CS|TAMS 0x00000000b0d00000| PB 0x00000000b0d00000| Complete 
| 782|0x00000000b0e00000, 0x00000000b0f00000, 0x00000000b0f00000|100%| E|CS|TAMS 0x00000000b0e00000| PB 0x00000000b0e00000| Complete 
| 783|0x00000000b0f00000, 0x00000000b1000000, 0x00000000b1000000|100%| E|CS|TAMS 0x00000000b0f00000| PB 0x00000000b0f00000| Complete 
| 784|0x00000000b1000000, 0x00000000b1100000, 0x00000000b1100000|100%| E|CS|TAMS 0x00000000b1000000| PB 0x00000000b1000000| Complete 
| 785|0x00000000b1100000, 0x00000000b1200000, 0x00000000b1200000|100%| E|CS|TAMS 0x00000000b1100000| PB 0x00000000b1100000| Complete 
| 786|0x00000000b1200000, 0x00000000b1300000, 0x00000000b1300000|100%| E|CS|TAMS 0x00000000b1200000| PB 0x00000000b1200000| Complete 
| 787|0x00000000b1300000, 0x00000000b1400000, 0x00000000b1400000|100%| E|CS|TAMS 0x00000000b1300000| PB 0x00000000b1300000| Complete 
| 788|0x00000000b1400000, 0x00000000b1500000, 0x00000000b1500000|100%| E|CS|TAMS 0x00000000b1400000| PB 0x00000000b1400000| Complete 
| 789|0x00000000b1500000, 0x00000000b1600000, 0x00000000b1600000|100%| E|CS|TAMS 0x00000000b1500000| PB 0x00000000b1500000| Complete 
| 790|0x00000000b1600000, 0x00000000b1700000, 0x00000000b1700000|100%| E|CS|TAMS 0x00000000b1600000| PB 0x00000000b1600000| Complete 
| 791|0x00000000b1700000, 0x00000000b1800000, 0x00000000b1800000|100%| E|CS|TAMS 0x00000000b1700000| PB 0x00000000b1700000| Complete 
| 792|0x00000000b1800000, 0x00000000b1900000, 0x00000000b1900000|100%| E|CS|TAMS 0x00000000b1800000| PB 0x00000000b1800000| Complete 
| 793|0x00000000b1900000, 0x00000000b1a00000, 0x00000000b1a00000|100%| E|CS|TAMS 0x00000000b1900000| PB 0x00000000b1900000| Complete 
| 794|0x00000000b1a00000, 0x00000000b1b00000, 0x00000000b1b00000|100%| E|CS|TAMS 0x00000000b1a00000| PB 0x00000000b1a00000| Complete 
| 795|0x00000000b1b00000, 0x00000000b1c00000, 0x00000000b1c00000|100%| E|CS|TAMS 0x00000000b1b00000| PB 0x00000000b1b00000| Complete 
| 796|0x00000000b1c00000, 0x00000000b1d00000, 0x00000000b1d00000|100%| E|CS|TAMS 0x00000000b1c00000| PB 0x00000000b1c00000| Complete 
| 797|0x00000000b1d00000, 0x00000000b1e00000, 0x00000000b1e00000|100%| E|CS|TAMS 0x00000000b1d00000| PB 0x00000000b1d00000| Complete 
| 798|0x00000000b1e00000, 0x00000000b1f00000, 0x00000000b1f00000|100%| E|CS|TAMS 0x00000000b1e00000| PB 0x00000000b1e00000| Complete 
| 799|0x00000000b1f00000, 0x00000000b2000000, 0x00000000b2000000|100%| E|CS|TAMS 0x00000000b1f00000| PB 0x00000000b1f00000| Complete 
| 800|0x00000000b2000000, 0x00000000b2100000, 0x00000000b2100000|100%| E|CS|TAMS 0x00000000b2000000| PB 0x00000000b2000000| Complete 
| 801|0x00000000b2100000, 0x00000000b2200000, 0x00000000b2200000|100%| E|CS|TAMS 0x00000000b2100000| PB 0x00000000b2100000| Complete 
| 802|0x00000000b2200000, 0x00000000b2300000, 0x00000000b2300000|100%| E|CS|TAMS 0x00000000b2200000| PB 0x00000000b2200000| Complete 
| 803|0x00000000b2300000, 0x00000000b2400000, 0x00000000b2400000|100%| E|CS|TAMS 0x00000000b2300000| PB 0x00000000b2300000| Complete 
| 804|0x00000000b2400000, 0x00000000b2500000, 0x00000000b2500000|100%| E|CS|TAMS 0x00000000b2400000| PB 0x00000000b2400000| Complete 
| 805|0x00000000b2500000, 0x00000000b2600000, 0x00000000b2600000|100%| E|CS|TAMS 0x00000000b2500000| PB 0x00000000b2500000| Complete 
| 806|0x00000000b2600000, 0x00000000b2700000, 0x00000000b2700000|100%| E|CS|TAMS 0x00000000b2600000| PB 0x00000000b2600000| Complete 
| 807|0x00000000b2700000, 0x00000000b2800000, 0x00000000b2800000|100%| E|CS|TAMS 0x00000000b2700000| PB 0x00000000b2700000| Complete 
| 808|0x00000000b2800000, 0x00000000b2900000, 0x00000000b2900000|100%| E|CS|TAMS 0x00000000b2800000| PB 0x00000000b2800000| Complete 
| 809|0x00000000b2900000, 0x00000000b2a00000, 0x00000000b2a00000|100%| E|CS|TAMS 0x00000000b2900000| PB 0x00000000b2900000| Complete 
| 810|0x00000000b2a00000, 0x00000000b2b00000, 0x00000000b2b00000|100%| E|CS|TAMS 0x00000000b2a00000| PB 0x00000000b2a00000| Complete 
| 811|0x00000000b2b00000, 0x00000000b2c00000, 0x00000000b2c00000|100%| S|CS|TAMS 0x00000000b2b00000| PB 0x00000000b2b00000| Complete 
| 812|0x00000000b2c00000, 0x00000000b2d00000, 0x00000000b2d00000|100%| S|CS|TAMS 0x00000000b2c00000| PB 0x00000000b2c00000| Complete 
| 813|0x00000000b2d00000, 0x00000000b2e00000, 0x00000000b2e00000|100%| S|CS|TAMS 0x00000000b2d00000| PB 0x00000000b2d00000| Complete 
| 814|0x00000000b2e00000, 0x00000000b2f00000, 0x00000000b2f00000|100%| S|CS|TAMS 0x00000000b2e00000| PB 0x00000000b2e00000| Complete 
| 815|0x00000000b2f00000, 0x00000000b3000000, 0x00000000b3000000|100%| S|CS|TAMS 0x00000000b2f00000| PB 0x00000000b2f00000| Complete 
| 816|0x00000000b3000000, 0x00000000b3100000, 0x00000000b3100000|100%| S|CS|TAMS 0x00000000b3000000| PB 0x00000000b3000000| Complete 
| 817|0x00000000b3100000, 0x00000000b3200000, 0x00000000b3200000|100%| S|CS|TAMS 0x00000000b3100000| PB 0x00000000b3100000| Complete 
| 818|0x00000000b3200000, 0x00000000b3300000, 0x00000000b3300000|100%| E|CS|TAMS 0x00000000b3200000| PB 0x00000000b3200000| Complete 
| 819|0x00000000b3300000, 0x00000000b3400000, 0x00000000b3400000|100%| E|CS|TAMS 0x00000000b3300000| PB 0x00000000b3300000| Complete 
| 820|0x00000000b3400000, 0x00000000b3500000, 0x00000000b3500000|100%| E|CS|TAMS 0x00000000b3400000| PB 0x00000000b3400000| Complete 
| 821|0x00000000b3500000, 0x00000000b3600000, 0x00000000b3600000|100%| E|CS|TAMS 0x00000000b3500000| PB 0x00000000b3500000| Complete 
| 822|0x00000000b3600000, 0x00000000b3700000, 0x00000000b3700000|100%| E|CS|TAMS 0x00000000b3600000| PB 0x00000000b3600000| Complete 
| 823|0x00000000b3700000, 0x00000000b3800000, 0x00000000b3800000|100%| E|CS|TAMS 0x00000000b3700000| PB 0x00000000b3700000| Complete 
| 824|0x00000000b3800000, 0x00000000b3900000, 0x00000000b3900000|100%| E|CS|TAMS 0x00000000b3800000| PB 0x00000000b3800000| Complete 
| 825|0x00000000b3900000, 0x00000000b3a00000, 0x00000000b3a00000|100%| E|CS|TAMS 0x00000000b3900000| PB 0x00000000b3900000| Complete 
| 826|0x00000000b3a00000, 0x00000000b3b00000, 0x00000000b3b00000|100%| E|CS|TAMS 0x00000000b3a00000| PB 0x00000000b3a00000| Complete 
| 827|0x00000000b3b00000, 0x00000000b3c00000, 0x00000000b3c00000|100%| E|CS|TAMS 0x00000000b3b00000| PB 0x00000000b3b00000| Complete 
| 828|0x00000000b3c00000, 0x00000000b3d00000, 0x00000000b3d00000|100%| E|CS|TAMS 0x00000000b3c00000| PB 0x00000000b3c00000| Complete 
| 829|0x00000000b3d00000, 0x00000000b3e00000, 0x00000000b3e00000|100%| E|CS|TAMS 0x00000000b3d00000| PB 0x00000000b3d00000| Complete 
| 830|0x00000000b3e00000, 0x00000000b3f00000, 0x00000000b3f00000|100%| E|CS|TAMS 0x00000000b3e00000| PB 0x00000000b3e00000| Complete 
| 831|0x00000000b3f00000, 0x00000000b4000000, 0x00000000b4000000|100%| E|CS|TAMS 0x00000000b3f00000| PB 0x00000000b3f00000| Complete 
| 832|0x00000000b4000000, 0x00000000b4100000, 0x00000000b4100000|100%| E|CS|TAMS 0x00000000b4000000| PB 0x00000000b4000000| Complete 
| 833|0x00000000b4100000, 0x00000000b4200000, 0x00000000b4200000|100%| E|CS|TAMS 0x00000000b4100000| PB 0x00000000b4100000| Complete 
| 834|0x00000000b4200000, 0x00000000b4300000, 0x00000000b4300000|100%| E|CS|TAMS 0x00000000b4200000| PB 0x00000000b4200000| Complete 
| 835|0x00000000b4300000, 0x00000000b4400000, 0x00000000b4400000|100%| E|CS|TAMS 0x00000000b4300000| PB 0x00000000b4300000| Complete 
| 836|0x00000000b4400000, 0x00000000b4500000, 0x00000000b4500000|100%| E|CS|TAMS 0x00000000b4400000| PB 0x00000000b4400000| Complete 
| 837|0x00000000b4500000, 0x00000000b4600000, 0x00000000b4600000|100%| E|CS|TAMS 0x00000000b4500000| PB 0x00000000b4500000| Complete 
|1960|0x00000000fa800000, 0x00000000fa900000, 0x00000000fa900000|100%| E|CS|TAMS 0x00000000fa800000| PB 0x00000000fa800000| Complete 
|1974|0x00000000fb600000, 0x00000000fb700000, 0x00000000fb700000|100%| O|  |TAMS 0x00000000fb600000| PB 0x00000000fb600000| Untracked 
|1975|0x00000000fb700000, 0x00000000fb800000, 0x00000000fb800000|100%| O|  |TAMS 0x00000000fb700000| PB 0x00000000fb700000| Untracked 
|1976|0x00000000fb800000, 0x00000000fb900000, 0x00000000fb900000|100%| O|  |TAMS 0x00000000fb800000| PB 0x00000000fb800000| Untracked 
|1980|0x00000000fbc00000, 0x00000000fbd00000, 0x00000000fbd00000|100%| E|CS|TAMS 0x00000000fbc00000| PB 0x00000000fbc00000| Complete 
|1981|0x00000000fbd00000, 0x00000000fbe00000, 0x00000000fbe00000|100%| E|CS|TAMS 0x00000000fbd00000| PB 0x00000000fbd00000| Complete 
|2008|0x00000000fd800000, 0x00000000fd900000, 0x00000000fd900000|100%| O|Cm|TAMS 0x00000000fd800000| PB 0x00000000fd800000| Complete 
|2009|0x00000000fd900000, 0x00000000fda00000, 0x00000000fda00000|100%| O|Cm|TAMS 0x00000000fd900000| PB 0x00000000fd900000| Complete 
|2010|0x00000000fda00000, 0x00000000fdb00000, 0x00000000fdb00000|100%| O|  |TAMS 0x00000000fda00000| PB 0x00000000fda00000| Untracked 
|2011|0x00000000fdb00000, 0x00000000fdc00000, 0x00000000fdc00000|100%| O|  |TAMS 0x00000000fdb00000| PB 0x00000000fdb00000| Untracked 
|2012|0x00000000fdc00000, 0x00000000fdd00000, 0x00000000fdd00000|100%| O|  |TAMS 0x00000000fdc00000| PB 0x00000000fdc00000| Untracked 
|2013|0x00000000fdd00000, 0x00000000fde00000, 0x00000000fde00000|100%| O|  |TAMS 0x00000000fdd00000| PB 0x00000000fdd00000| Untracked 
|2014|0x00000000fde00000, 0x00000000fdf00000, 0x00000000fdf00000|100%| E|CS|TAMS 0x00000000fde00000| PB 0x00000000fde00000| Complete 
|2015|0x00000000fdf00000, 0x00000000fe000000, 0x00000000fe000000|100%| E|CS|TAMS 0x00000000fdf00000| PB 0x00000000fdf00000| Complete 
|2016|0x00000000fe000000, 0x00000000fe100000, 0x00000000fe100000|100%| E|CS|TAMS 0x00000000fe000000| PB 0x00000000fe000000| Complete 
|2017|0x00000000fe100000, 0x00000000fe200000, 0x00000000fe200000|100%| O|  |TAMS 0x00000000fe100000| PB 0x00000000fe100000| Untracked 
|2018|0x00000000fe200000, 0x00000000fe300000, 0x00000000fe300000|100%| O|  |TAMS 0x00000000fe200000| PB 0x00000000fe200000| Untracked 
|2019|0x00000000fe300000, 0x00000000fe400000, 0x00000000fe400000|100%| E|CS|TAMS 0x00000000fe300000| PB 0x00000000fe300000| Complete 
|2020|0x00000000fe400000, 0x00000000fe500000, 0x00000000fe500000|100%| E|CS|TAMS 0x00000000fe400000| PB 0x00000000fe400000| Complete 
|2021|0x00000000fe500000, 0x00000000fe600000, 0x00000000fe600000|100%| O|  |TAMS 0x00000000fe500000| PB 0x00000000fe500000| Untracked 
|2022|0x00000000fe600000, 0x00000000fe700000, 0x00000000fe700000|100%| O|  |TAMS 0x00000000fe600000| PB 0x00000000fe600000| Untracked 
|2023|0x00000000fe700000, 0x00000000fe800000, 0x00000000fe800000|100%| E|CS|TAMS 0x00000000fe700000| PB 0x00000000fe700000| Complete 
|2024|0x00000000fe800000, 0x00000000fe900000, 0x00000000fe900000|100%| E|CS|TAMS 0x00000000fe800000| PB 0x00000000fe800000| Complete 
|2025|0x00000000fe900000, 0x00000000fea00000, 0x00000000fea00000|100%| E|CS|TAMS 0x00000000fe900000| PB 0x00000000fe900000| Complete 
|2026|0x00000000fea00000, 0x00000000feb00000, 0x00000000feb00000|100%| O|  |TAMS 0x00000000fea00000| PB 0x00000000fea00000| Untracked 
|2027|0x00000000feb00000, 0x00000000fec00000, 0x00000000fec00000|100%| E|CS|TAMS 0x00000000feb00000| PB 0x00000000feb00000| Complete 
|2028|0x00000000fec00000, 0x00000000fed00000, 0x00000000fed00000|100%| E|CS|TAMS 0x00000000fec00000| PB 0x00000000fec00000| Complete 
|2029|0x00000000fed00000, 0x00000000fee00000, 0x00000000fee00000|100%| E|CS|TAMS 0x00000000fed00000| PB 0x00000000fed00000| Complete 
|2030|0x00000000fee00000, 0x00000000fef00000, 0x00000000fef00000|100%| E|CS|TAMS 0x00000000fee00000| PB 0x00000000fee00000| Complete 
|2031|0x00000000fef00000, 0x00000000ff000000, 0x00000000ff000000|100%| E|CS|TAMS 0x00000000fef00000| PB 0x00000000fef00000| Complete 
|2032|0x00000000ff000000, 0x00000000ff100000, 0x00000000ff100000|100%| E|CS|TAMS 0x00000000ff000000| PB 0x00000000ff000000| Complete 
|2033|0x00000000ff100000, 0x00000000ff200000, 0x00000000ff200000|100%| E|CS|TAMS 0x00000000ff100000| PB 0x00000000ff100000| Complete 
|2034|0x00000000ff200000, 0x00000000ff300000, 0x00000000ff300000|100%| E|CS|TAMS 0x00000000ff200000| PB 0x00000000ff200000| Complete 
|2035|0x00000000ff300000, 0x00000000ff400000, 0x00000000ff400000|100%| E|CS|TAMS 0x00000000ff300000| PB 0x00000000ff300000| Complete 
|2036|0x00000000ff400000, 0x00000000ff500000, 0x00000000ff500000|100%| E|CS|TAMS 0x00000000ff400000| PB 0x00000000ff400000| Complete 
|2037|0x00000000ff500000, 0x00000000ff600000, 0x00000000ff600000|100%| O|  |TAMS 0x00000000ff500000| PB 0x00000000ff500000| Untracked 
|2038|0x00000000ff600000, 0x00000000ff700000, 0x00000000ff700000|100%| E|CS|TAMS 0x00000000ff600000| PB 0x00000000ff600000| Complete 
|2039|0x00000000ff700000, 0x00000000ff800000, 0x00000000ff800000|100%| E|CS|TAMS 0x00000000ff700000| PB 0x00000000ff700000| Complete 
|2040|0x00000000ff800000, 0x00000000ff900000, 0x00000000ff900000|100%| E|CS|TAMS 0x00000000ff800000| PB 0x00000000ff800000| Complete 
|2041|0x00000000ff900000, 0x00000000ffa00000, 0x00000000ffa00000|100%| E|CS|TAMS 0x00000000ff900000| PB 0x00000000ff900000| Complete 
|2042|0x00000000ffa00000, 0x00000000ffb00000, 0x00000000ffb00000|100%| E|CS|TAMS 0x00000000ffa00000| PB 0x00000000ffa00000| Complete 
|2043|0x00000000ffb00000, 0x00000000ffc00000, 0x00000000ffc00000|100%| E|CS|TAMS 0x00000000ffb00000| PB 0x00000000ffb00000| Complete 
|2044|0x00000000ffc00000, 0x00000000ffd00000, 0x00000000ffd00000|100%| O|  |TAMS 0x00000000ffc00000| PB 0x00000000ffc00000| Untracked 
|2045|0x00000000ffd00000, 0x00000000ffe00000, 0x00000000ffe00000|100%| O|  |TAMS 0x00000000ffd00000| PB 0x00000000ffd00000| Untracked 
|2046|0x00000000ffe00000, 0x00000000fff00000, 0x00000000fff00000|100%| E|CS|TAMS 0x00000000ffe00000| PB 0x00000000ffe00000| Complete 
|2047|0x00000000fff00000, 0x0000000100000000, 0x0000000100000000|100%| E|CS|TAMS 0x00000000fff00000| PB 0x00000000fff00000| Complete 

Card table byte_map: [0x000001bb18cb0000,0x000001bb190b0000] _byte_map_base: 0x000001bb188b0000

Marking Bits: (CMBitMap*) 0x000001bb03bad7d0
 Bits: [0x000001bb190b0000, 0x000001bb1b0b0000)

Polling page: 0x000001bb037a0000

Metaspace:

Usage:
  Non-class:    225.50 MB used.
      Class:     33.64 MB used.
       Both:    259.13 MB used.

Virtual space:
  Non-class space:      256.00 MB reserved,     226.62 MB ( 89%) committed,  4 nodes.
      Class space:        1.00 GB reserved,      34.69 MB (  3%) committed,  1 nodes.
             Both:        1.25 GB reserved,     261.31 MB ( 20%) committed. 

Chunk freelists:
   Non-Class:  12.87 MB
       Class:  13.35 MB
        Both:  26.22 MB

MaxMetaspaceSize: unlimited
CompressedClassSpaceSize: 1.00 GB
Initial GC threshold: 21.00 MB
Current GC threshold: 435.44 MB
CDS: off
 - commit_granule_bytes: 65536.
 - commit_granule_words: 8192.
 - virtual_space_node_default_size: 8388608.
 - enlarge_chunks_in_place: 1.
 - use_allocation_guard: 0.


Internal statistics:

num_allocs_failed_limit: 9.
num_arena_births: 8812.
num_arena_deaths: 5072.
num_vsnodes_births: 5.
num_vsnodes_deaths: 0.
num_space_committed: 4284.
num_space_uncommitted: 59.
num_chunks_returned_to_freelist: 6900.
num_chunks_taken_from_freelist: 22601.
num_chunk_merges: 2193.
num_chunk_splits: 13316.
num_chunks_enlarged: 8805.
num_inconsistent_stats: 0.

CodeHeap 'non-profiled nmethods': size=119168Kb used=40166Kb max_used=40738Kb free=79001Kb
 bounds [0x000001bb0ff50000, 0x000001bb12720000, 0x000001bb173b0000]
CodeHeap 'profiled nmethods': size=119104Kb used=62534Kb max_used=63421Kb free=56570Kb
 bounds [0x000001bb083b0000, 0x000001bb0c1f0000, 0x000001bb0f800000]
CodeHeap 'non-nmethods': size=7488Kb used=4178Kb max_used=4279Kb free=3309Kb
 bounds [0x000001bb0f800000, 0x000001bb0fca0000, 0x000001bb0ff50000]
CodeCache: size=245760Kb, used=106878Kb, max_used=108438Kb, free=138880Kb
 total_blobs=30375, nmethods=29075, adapters=1196, full_count=0
Compilation: enabled, stopped_count=0, restarted_count=0

Compilation events (20 events):
Event: 12458.966 Thread 0x000001bb1ea7eed0 67060       3       com.android.zipflinger.Location::equals (51 bytes)
Event: 12458.966 Thread 0x000001bb2b6a0270 nmethod 67059 0x000001bb0932cc90 code [0x000001bb0932ce40, 0x000001bb0932cff0]
Event: 12458.966 Thread 0x000001bb1ea7eed0 nmethod 67060 0x000001bb0a070610 code [0x000001bb0a0707e0, 0x000001bb0a070c00]
Event: 12458.989 Thread 0x000001bb2b6a0270 67061       3       java.nio.file.Files::size (17 bytes)
Event: 12458.989 Thread 0x000001bb2b6a0270 nmethod 67061 0x000001bb088d3210 code [0x000001bb088d3400, 0x000001bb088d3950]
Event: 12459.006 Thread 0x000001bb1ea7da60 nmethod 67058 0x000001bb1135c710 code [0x000001bb1135cb80, 0x000001bb11360d38]
Event: 12459.028 Thread 0x000001bb1e9db3e0 67062       3       java.math.BigInteger::oddModPow (795 bytes)
Event: 12459.030 Thread 0x000001bb1e9db3e0 nmethod 67062 0x000001bb0be8fa10 code [0x000001bb0be8fea0, 0x000001bb0be929d8]
Event: 12459.102 Thread 0x000001bb2b6a0270 67063       3       java.lang.Class::toString (36 bytes)
Event: 12459.102 Thread 0x000001bb2b69a9e0 67064       3       java.util.regex.Pattern$Branch::study (162 bytes)
Event: 12459.103 Thread 0x000001bb2b69a9e0 nmethod 67064 0x000001bb090b0f90 code [0x000001bb090b11a0, 0x000001bb090b1848]
Event: 12459.103 Thread 0x000001bb2b6a0270 nmethod 67063 0x000001bb0a91b990 code [0x000001bb0a91bd40, 0x000001bb0a91d3e8]
Event: 12459.103 Thread 0x000001bb1e9db3e0 67065       3       org.jetbrains.kotlin.statistics.fileloggers.MetricsContainer$MetricDescriptor::compareTo (9 bytes)
Event: 12459.103 Thread 0x000001bb1ea7eed0 67066       3       org.jetbrains.kotlin.statistics.fileloggers.MetricsContainer$MetricDescriptor::compareTo (71 bytes)
Event: 12459.104 Thread 0x000001bb1e9db3e0 nmethod 67065 0x000001bb0a7d7310 code [0x000001bb0a7d74c0, 0x000001bb0a7d76d8]
Event: 12459.104 Thread 0x000001bb1ea7eed0 nmethod 67066 0x000001bb0a08f710 code [0x000001bb0a08f980, 0x000001bb0a090228]
Event: 12459.495 Thread 0x000001bb2b6a0270 67067       3       com.google.common.reflect.TypeCapture::capture (30 bytes)
Event: 12459.495 Thread 0x000001bb1e9db3e0 67068       3       com.google.common.reflect.TypeResolver::resolveTypes (32 bytes)
Event: 12459.495 Thread 0x000001bb1e9db3e0 nmethod 67068 0x000001bb0a587010 code [0x000001bb0a5871e0, 0x000001bb0a587618]
Event: 12459.495 Thread 0x000001bb2b6a0270 nmethod 67067 0x000001bb0a862c90 code [0x000001bb0a862f20, 0x000001bb0a863bc0]

GC Heap History (20 events):
Event: 9751.709 GC heap before
{Heap before GC invocations=114 (full 0):
 garbage-first heap   total 881664K, used 326021K [0x0000000080000000, 0x0000000100000000)
  region size 1024K, 106 young (108544K), 9 survivors (9216K)
 Metaspace       used 233496K, committed 237312K, reserved 1310720K
  class space    used 30683K, committed 32704K, reserved 1048576K
}
Event: 9751.712 GC heap after
{Heap after GC invocations=115 (full 0):
 garbage-first heap   total 881664K, used 221261K [0x0000000080000000, 0x0000000100000000)
  region size 1024K, 2 young (2048K), 2 survivors (2048K)
 Metaspace       used 233496K, committed 237312K, reserved 1310720K
  class space    used 30683K, committed 32704K, reserved 1048576K
}
Event: 9884.202 GC heap before
{Heap before GC invocations=116 (full 0):
 garbage-first heap   total 808960K, used 787533K [0x0000000080000000, 0x0000000100000000)
  region size 1024K, 474 young (485376K), 2 survivors (2048K)
 Metaspace       used 236658K, committed 239040K, reserved 1310720K
  class space    used 31283K, committed 32704K, reserved 1048576K
}
Event: 9884.247 GC heap after
{Heap after GC invocations=117 (full 0):
 garbage-first heap   total 829440K, used 270241K [0x0000000080000000, 0x0000000100000000)
  region size 1024K, 39 young (39936K), 39 survivors (39936K)
 Metaspace       used 236658K, committed 239040K, reserved 1310720K
  class space    used 31283K, committed 32704K, reserved 1048576K
}
Event: 9905.950 GC heap before
{Heap before GC invocations=117 (full 0):
 garbage-first heap   total 829440K, used 728993K [0x0000000080000000, 0x0000000100000000)
  region size 1024K, 486 young (497664K), 39 survivors (39936K)
 Metaspace       used 254436K, committed 256576K, reserved 1310720K
  class space    used 33536K, committed 34624K, reserved 1048576K
}
Event: 9906.036 GC heap after
{Heap after GC invocations=118 (full 0):
 garbage-first heap   total 829440K, used 276886K [0x0000000080000000, 0x0000000100000000)
  region size 1024K, 36 young (36864K), 36 survivors (36864K)
 Metaspace       used 254436K, committed 256576K, reserved 1310720K
  class space    used 33536K, committed 34624K, reserved 1048576K
}
Event: 9939.367 GC heap before
{Heap before GC invocations=118 (full 0):
 garbage-first heap   total 829440K, used 737686K [0x0000000080000000, 0x0000000100000000)
  region size 1024K, 486 young (497664K), 36 survivors (36864K)
 Metaspace       used 258194K, committed 260480K, reserved 1310720K
  class space    used 33988K, committed 35072K, reserved 1048576K
}
Event: 9939.427 GC heap after
{Heap after GC invocations=119 (full 0):
 garbage-first heap   total 829440K, used 308545K [0x0000000080000000, 0x0000000100000000)
  region size 1024K, 32 young (32768K), 32 survivors (32768K)
 Metaspace       used 258194K, committed 260480K, reserved 1310720K
  class space    used 33988K, committed 35072K, reserved 1048576K
}
Event: 11798.059 GC heap before
{Heap before GC invocations=120 (full 0):
 garbage-first heap   total 829440K, used 733505K [0x0000000080000000, 0x0000000100000000)
  region size 1024K, 459 young (470016K), 32 survivors (32768K)
 Metaspace       used 258337K, committed 260544K, reserved 1310720K
  class space    used 33973K, committed 35072K, reserved 1048576K
}
Event: 11798.325 GC heap after
{Heap after GC invocations=121 (full 0):
 garbage-first heap   total 829440K, used 320157K [0x0000000080000000, 0x0000000100000000)
  region size 1024K, 55 young (56320K), 55 survivors (56320K)
 Metaspace       used 258337K, committed 260544K, reserved 1310720K
  class space    used 33973K, committed 35072K, reserved 1048576K
}
Event: 11826.877 GC heap before
{Heap before GC invocations=121 (full 0):
 garbage-first heap   total 829440K, used 781981K [0x0000000080000000, 0x0000000100000000)
  region size 1024K, 472 young (483328K), 55 survivors (56320K)
 Metaspace       used 260029K, committed 262400K, reserved 1310720K
  class space    used 34106K, committed 35264K, reserved 1048576K
}
Event: 11827.032 GC heap after
{Heap after GC invocations=122 (full 0):
 garbage-first heap   total 885760K, used 327404K [0x0000000080000000, 0x0000000100000000)
  region size 1024K, 59 young (60416K), 59 survivors (60416K)
 Metaspace       used 260029K, committed 262400K, reserved 1310720K
  class space    used 34106K, committed 35264K, reserved 1048576K
}
Event: 11828.081 GC heap before
{Heap before GC invocations=122 (full 0):
 garbage-first heap   total 885760K, used 509676K [0x0000000080000000, 0x0000000100000000)
  region size 1024K, 238 young (243712K), 59 survivors (60416K)
 Metaspace       used 260053K, committed 262400K, reserved 1310720K
  class space    used 34109K, committed 35264K, reserved 1048576K
}
Event: 11828.155 GC heap after
{Heap after GC invocations=123 (full 0):
 garbage-first heap   total 885760K, used 338944K [0x0000000080000000, 0x0000000100000000)
  region size 1024K, 9 young (9216K), 9 survivors (9216K)
 Metaspace       used 260053K, committed 262400K, reserved 1310720K
  class space    used 34109K, committed 35264K, reserved 1048576K
}
Event: 12450.090 GC heap before
{Heap before GC invocations=124 (full 0):
 garbage-first heap   total 885760K, used 862208K [0x0000000080000000, 0x0000000100000000)
  region size 1024K, 458 young (468992K), 9 survivors (9216K)
 Metaspace       used 260003K, committed 262464K, reserved 1310720K
  class space    used 33995K, committed 35264K, reserved 1048576K
}
Event: 12450.126 GC heap after
{Heap after GC invocations=125 (full 0):
 garbage-first heap   total 893952K, used 354275K [0x0000000080000000, 0x0000000100000000)
  region size 1024K, 30 young (30720K), 30 survivors (30720K)
 Metaspace       used 260003K, committed 262464K, reserved 1310720K
  class space    used 33995K, committed 35264K, reserved 1048576K
}
Event: 12458.247 GC heap before
{Heap before GC invocations=125 (full 0):
 garbage-first heap   total 893952K, used 810979K [0x0000000080000000, 0x0000000100000000)
  region size 1024K, 469 young (480256K), 30 survivors (30720K)
 Metaspace       used 266107K, committed 268096K, reserved 1310720K
  class space    used 34525K, committed 35520K, reserved 1048576K
}
Event: 12458.277 GC heap after
{Heap after GC invocations=126 (full 0):
 garbage-first heap   total 905216K, used 353251K [0x0000000080000000, 0x0000000100000000)
  region size 1024K, 59 young (60416K), 59 survivors (60416K)
 Metaspace       used 266107K, committed 268096K, reserved 1310720K
  class space    used 34525K, committed 35520K, reserved 1048576K
}
Event: 12458.334 GC heap before
{Heap before GC invocations=126 (full 0):
 garbage-first heap   total 905216K, used 396259K [0x0000000080000000, 0x0000000100000000)
  region size 1024K, 103 young (105472K), 59 survivors (60416K)
 Metaspace       used 266107K, committed 268096K, reserved 1310720K
  class space    used 34525K, committed 35520K, reserved 1048576K
}
Event: 12458.350 GC heap after
{Heap after GC invocations=127 (full 0):
 garbage-first heap   total 905216K, used 350208K [0x0000000080000000, 0x0000000100000000)
  region size 1024K, 7 young (7168K), 7 survivors (7168K)
 Metaspace       used 266107K, committed 268096K, reserved 1310720K
  class space    used 34525K, committed 35520K, reserved 1048576K
}

Dll operation events (12 events):
Event: 0.006 Loaded shared library C:\Program Files\Android\Android Studio\jbr\bin\java.dll
Event: 0.011 Loaded shared library C:\Program Files\Android\Android Studio\jbr\bin\zip.dll
Event: 0.407 Loaded shared library C:\Program Files\Android\Android Studio\jbr\bin\verify.dll
Event: 1729.695 Unloaded dll "C:\Users\siuni\AppData\Local\Temp\sqlite-3.41.2.2-073d392a-9319-422c-a5bb-d339fb97956d-sqlitejdbc.dll" [0x00007ff9ca2f0000]
Event: 1735.798 Unloaded dll "C:\Users\siuni\AppData\Local\Temp\sqlite-3.41.2.2-54a541cf-b6d1-48c9-a5d5-d71f368f9deb-sqlitejdbc.dll" [0x00007ff99eba0000]
Event: 1736.150 Unloaded dll "C:\Users\siuni\AppData\Local\Temp\sqlite-3.41.2.2-88e86f71-0140-46a1-b7c7-f554cee4ef7e-sqlitejdbc.dll" [0x00007ff9ca310000]
Event: 6527.330 Unloaded dll "C:\Users\siuni\AppData\Local\Temp\sqlite-3.41.2.2-61b6435b-02dd-4fa3-81d7-dbe90c8c56ee-sqlitejdbc.dll" [0x00007ff9a2030000]
Event: 7298.101 Unloaded dll "C:\Users\siuni\AppData\Local\Temp\sqlite-3.41.2.2-161aee43-f8f5-4364-9c78-7ae4d0245871-sqlitejdbc.dll" [0x00007ff96fc10000]
Event: 7876.455 Unloaded dll "C:\Users\siuni\AppData\Local\Temp\sqlite-3.41.2.2-5e97ed4c-247a-4ba0-be5e-c7e39be28107-sqlitejdbc.dll" [0x00007ff99d710000]
Event: 7876.455 Unloaded dll "C:\Users\siuni\AppData\Local\Temp\sqlite-3.41.2.2-4f639ac8-d996-490f-a6b4-f4432fab7573-sqlitejdbc.dll" [0x00007ff9a2030000]
Event: 9749.148 Unloaded dll "C:\Users\siuni\AppData\Local\Temp\sqlite-3.41.2.2-82f557b0-1817-447e-aa92-fedf344e1199-sqlitejdbc.dll" [0x00007ff992970000]
Event: 12458.422 Unloaded dll "C:\Users\siuni\AppData\Local\Temp\sqlite-3.41.2.2-4a556d3e-7e83-4699-ab66-33090f70fe5d-sqlitejdbc.dll" [0x00007ff96a4b0000]

Deoptimization events (20 events):
Event: 12452.200 Thread 0x000001bb2b89eaf0 DEOPT PACKING pc=0x000001bb10527958 sp=0x000000aa20dff110
Event: 12452.200 Thread 0x000001bb2b89eaf0 DEOPT UNPACKING pc=0x000001bb0f8543a2 sp=0x000000aa20dff068 mode 2
Event: 12452.684 Thread 0x000001bb34873130 DEOPT PACKING pc=0x000001bb0a8f19d2 sp=0x000000aa20bf8720
Event: 12452.684 Thread 0x000001bb34873130 DEOPT UNPACKING pc=0x000001bb0f854b42 sp=0x000000aa20bf7c40 mode 0
Event: 12453.241 Thread 0x000001bb34873130 DEOPT PACKING pc=0x000001bb0a31fb53 sp=0x000000aa20bfce50
Event: 12453.241 Thread 0x000001bb34873130 DEOPT UNPACKING pc=0x000001bb0f854b42 sp=0x000000aa20bfc358 mode 0
Event: 12453.361 Thread 0x000001bb34873130 Uncommon trap: trap_request=0xffffff45 fr.pc=0x000001bb124390c8 relative=0x0000000000000a28
Event: 12453.361 Thread 0x000001bb34873130 Uncommon trap: reason=unstable_if action=reinterpret pc=0x000001bb124390c8 method=org.sqlite.SQLiteJDBCLoader.contentsEquals(Ljava/io/InputStream;Ljava/io/InputStream;)Z @ 39 c2
Event: 12453.361 Thread 0x000001bb34873130 DEOPT PACKING pc=0x000001bb124390c8 sp=0x000000aa20bfce70
Event: 12453.361 Thread 0x000001bb34873130 DEOPT UNPACKING pc=0x000001bb0f8543a2 sp=0x000000aa20bfce58 mode 2
Event: 12453.898 Thread 0x000001bb2cfbb4e0 Uncommon trap: trap_request=0xffffff45 fr.pc=0x000001bb1057fd50 relative=0x00000000000004f0
Event: 12453.898 Thread 0x000001bb2cfbb4e0 Uncommon trap: reason=unstable_if action=reinterpret pc=0x000001bb1057fd50 method=java.lang.ref.SoftReference.get()Ljava/lang/Object; @ 6 c2
Event: 12453.898 Thread 0x000001bb2cfbb4e0 DEOPT PACKING pc=0x000001bb1057fd50 sp=0x000000aa1ddf99f0
Event: 12453.898 Thread 0x000001bb2cfbb4e0 DEOPT UNPACKING pc=0x000001bb0f8543a2 sp=0x000000aa1ddf9850 mode 2
Event: 12458.243 Thread 0x000001bb2575d7e0 DEOPT PACKING pc=0x000001bb0840119e sp=0x000000aa223fc950
Event: 12458.243 Thread 0x000001bb2575d7e0 DEOPT UNPACKING pc=0x000001bb0f854b42 sp=0x000000aa223fbe20 mode 0
Event: 12458.984 Thread 0x000001bb336fa510 Uncommon trap: trap_request=0xffffff45 fr.pc=0x000001bb10e5e418 relative=0x0000000000000798
Event: 12458.984 Thread 0x000001bb336fa510 Uncommon trap: reason=unstable_if action=reinterpret pc=0x000001bb10e5e418 method=java.util.ComparableTimSort.countRunAndMakeAscending([Ljava/lang/Object;II)I @ 25 c2
Event: 12458.984 Thread 0x000001bb336fa510 DEOPT PACKING pc=0x000001bb10e5e418 sp=0x000000aa21ffdf00
Event: 12458.984 Thread 0x000001bb336fa510 DEOPT UNPACKING pc=0x000001bb0f8543a2 sp=0x000000aa21ffdeb8 mode 2

Classes loaded (20 events):
Event: 9902.461 Loading class sun/security/ssl/SSLEngineOutputRecord$HandshakeMemo
Event: 9902.461 Loading class sun/security/ssl/SSLEngineOutputRecord$RecordMemo
Event: 9902.462 Loading class sun/security/ssl/SSLEngineOutputRecord$RecordMemo done
Event: 9902.462 Loading class sun/security/ssl/SSLEngineOutputRecord$HandshakeMemo done
Event: 9902.548 Loading class sun/security/ssl/PreSharedKeyExtension$SHPreSharedKeySpec
Event: 9902.549 Loading class sun/security/ssl/PreSharedKeyExtension$SHPreSharedKeySpec done
Event: 9908.734 Loading class java/net/UrlDeserializedState
Event: 9908.734 Loading class java/net/UrlDeserializedState done
Event: 9939.601 Loading class sun/rmi/transport/ObjectTable$1
Event: 9939.602 Loading class sun/rmi/transport/ObjectTable$1 done
Event: 11827.038 Loading class sun/security/ssl/Alert
Event: 11827.042 Loading class sun/security/ssl/Alert done
Event: 11827.044 Loading class sun/security/ssl/Alert$AlertConsumer
Event: 11827.046 Loading class sun/security/ssl/Alert$AlertConsumer done
Event: 11827.046 Loading class sun/security/ssl/Alert$Level
Event: 11827.047 Loading class sun/security/ssl/Alert$Level done
Event: 12449.068 Loading class java/util/Spliterators$2Adapter
Event: 12449.072 Loading class java/util/Spliterators$2Adapter done
Event: 12449.771 Loading class java/lang/StringUTF16$CodePointsSpliterator
Event: 12449.772 Loading class java/lang/StringUTF16$CodePointsSpliterator done

Classes unloaded (20 events):
Event: 12458.401 Thread 0x000001bb1e8deb40 Unloading class 0x0000000102254d18 'androidx/room/compiler/processing/XProcessingEnv$Platform'
Event: 12458.401 Thread 0x000001bb1e8deb40 Unloading class 0x0000000102254aa0 'androidx/room/compiler/processing/ksp/KspProcessingEnv$jvmPlatformInfo$2'
Event: 12458.401 Thread 0x000001bb1e8deb40 Unloading class 0x0000000102254600 'androidx/room/compiler/processing/XProcessingEnv$Backend'
Event: 12458.401 Thread 0x000001bb1e8deb40 Unloading class 0x00000001022543c8 'androidx/room/compiler/processing/XProcessingEnv$Companion'
Event: 12458.401 Thread 0x000001bb1e8deb40 Unloading class 0x0000000102254000 'androidx/room/compiler/processing/ksp/KspProcessingEnv'
Event: 12458.401 Thread 0x000001bb1e8deb40 Unloading class 0x0000000102253d90 'androidx/room/compiler/processing/XProcessingEnv'
Event: 12458.401 Thread 0x000001bb1e8deb40 Unloading class 0x0000000102252400 'androidx/room/compiler/processing/ksp/KspBasicAnnotationProcessor$DelegateLogger'
Event: 12458.401 Thread 0x000001bb1e8deb40 Unloading class 0x00000001022538e8 'androidx/room/processor/Context$BooleanProcessorOptions'
Event: 12458.401 Thread 0x000001bb1e8deb40 Unloading class 0x00000001022536a8 'androidx/room/compiler/processing/XProcessingEnvConfig$Builder'
Event: 12458.401 Thread 0x000001bb1e8deb40 Unloading class 0x0000000102253470 'androidx/room/compiler/processing/XProcessingEnvConfig$Companion'
Event: 12458.401 Thread 0x000001bb1e8deb40 Unloading class 0x0000000102253238 'androidx/room/compiler/processing/XProcessingEnvConfig'
Event: 12458.401 Thread 0x000001bb1e8deb40 Unloading class 0x0000000102253000 'androidx/room/DatabaseProcessingStep$Companion'
Event: 12458.401 Thread 0x000001bb1e8deb40 Unloading class 0x0000000102252cf0 'androidx/room/DatabaseProcessingStep'
Event: 12458.401 Thread 0x000001bb1e8deb40 Unloading class 0x0000000102252ac0 'androidx/room/compiler/processing/XProcessingStep'
Event: 12458.401 Thread 0x000001bb1e8deb40 Unloading class 0x0000000102252800 'androidx/room/RoomKspProcessor'
Event: 12458.401 Thread 0x000001bb1e8deb40 Unloading class 0x0000000100636c80 'androidx/room/compiler/processing/ksp/KspBasicAnnotationProcessor'
Event: 12458.401 Thread 0x000001bb1e8deb40 Unloading class 0x0000000100636a50 'androidx/room/compiler/processing/XBasicAnnotationProcessor'
Event: 12458.401 Thread 0x000001bb1e8deb40 Unloading class 0x0000000100636800 'androidx/room/RoomKspProcessor$Provider'
Event: 12458.401 Thread 0x000001bb1e8deb40 Unloading class 0x000000010097c800 'java/lang/invoke/LambdaForm$MH+0x000000010097c800'
Event: 12458.401 Thread 0x000001bb1e8deb40 Unloading class 0x0000000100695000 'java/lang/invoke/LambdaForm$MH+0x0000000100695000'

Classes redefined (0 events):
No events

Internal exceptions (20 events):
Event: 12458.594 Thread 0x000001bb2575a9f0 Exception <a 'sun/nio/fs/WindowsException'{0x00000000b377dcc8}> (0x00000000b377dcc8) 
thrown [s\src\hotspot\share\prims\jni.cpp, line 537]
Event: 12458.605 Thread 0x000001bb32750b90 Exception <a 'sun/nio/fs/WindowsException'{0x00000000b28b3c50}> (0x00000000b28b3c50) 
thrown [s\src\hotspot\share\prims\jni.cpp, line 537]
Event: 12458.606 Thread 0x000001bb25759cd0 Exception <a 'sun/nio/fs/WindowsException'{0x00000000b2a4b0c8}> (0x00000000b2a4b0c8) 
thrown [s\src\hotspot\share\prims\jni.cpp, line 537]
Event: 12458.608 Thread 0x000001bb25756ee0 Exception <a 'sun/nio/fs/WindowsException'{0x00000000b27a5e48}> (0x00000000b27a5e48) 
thrown [s\src\hotspot\share\prims\jni.cpp, line 537]
Event: 12458.613 Thread 0x000001bb2b89f810 Exception <a 'sun/nio/fs/WindowsException'{0x00000000b268d9b8}> (0x00000000b268d9b8) 
thrown [s\src\hotspot\share\prims\jni.cpp, line 537]
Event: 12458.658 Thread 0x000001bb32779cd0 Exception <a 'sun/nio/fs/WindowsException'{0x00000000b1a298f0}> (0x00000000b1a298f0) 
thrown [s\src\hotspot\share\prims\jni.cpp, line 537]
Event: 12458.701 Thread 0x000001bb2b89ddd0 Exception <a 'sun/nio/fs/WindowsException'{0x00000000b08227b8}> (0x00000000b08227b8) 
thrown [s\src\hotspot\share\prims\jni.cpp, line 537]
Event: 12458.751 Thread 0x000001bb2575b080 Exception <a 'sun/nio/fs/WindowsException'{0x00000000afbcfa18}> (0x00000000afbcfa18) 
thrown [s\src\hotspot\share\prims\jni.cpp, line 537]
Event: 12458.758 Thread 0x000001bb2cae7370 Exception <a 'sun/nio/fs/WindowsException'{0x00000000af6bfd80}> (0x00000000af6bfd80) 
thrown [s\src\hotspot\share\prims\jni.cpp, line 537]
Event: 12458.769 Thread 0x000001bb2575b710 Exception <a 'sun/nio/fs/WindowsException'{0x00000000af42ce88}> (0x00000000af42ce88) 
thrown [s\src\hotspot\share\prims\jni.cpp, line 537]
Event: 12458.794 Thread 0x000001bb25758290 Exception <a 'sun/nio/fs/WindowsException'{0x00000000aefdf850}> (0x00000000aefdf850) 
thrown [s\src\hotspot\share\prims\jni.cpp, line 537]
Event: 12458.899 Thread 0x000001bb34872aa0 Exception <a 'sun/nio/fs/WindowsException'{0x00000000ae056488}> (0x00000000ae056488) 
thrown [s\src\hotspot\share\prims\jni.cpp, line 537]
Event: 12458.961 Thread 0x000001bb336fa510 Exception <a 'sun/nio/fs/WindowsException'{0x00000000adb72b70}> (0x00000000adb72b70) 
thrown [s\src\hotspot\share\prims\jni.cpp, line 537]
Event: 12459.103 Thread 0x000001bb27555bb0 Exception <a 'sun/nio/fs/WindowsException'{0x00000000ad1ac730}> (0x00000000ad1ac730) 
thrown [s\src\hotspot\share\prims\jni.cpp, line 537]
Event: 12459.491 Thread 0x000001bb27555bb0 Exception <a 'sun/nio/fs/WindowsException'{0x00000000acd3fc50}> (0x00000000acd3fc50) 
thrown [s\src\hotspot\share\prims\jni.cpp, line 537]
Event: 12459.493 Thread 0x000001bb27555bb0 Exception <a 'sun/nio/fs/WindowsException'{0x00000000acd42128}> (0x00000000acd42128) 
thrown [s\src\hotspot\share\prims\jni.cpp, line 537]
Event: 12459.494 Thread 0x000001bb27555bb0 Exception <a 'sun/nio/fs/WindowsException'{0x00000000acd44470}> (0x00000000acd44470) 
thrown [s\src\hotspot\share\prims\jni.cpp, line 537]
Event: 12459.496 Thread 0x000001bb27555bb0 Exception <a 'sun/nio/fs/WindowsException'{0x00000000acd4be60}> (0x00000000acd4be60) 
thrown [s\src\hotspot\share\prims\jni.cpp, line 537]
Event: 12459.497 Thread 0x000001bb27555bb0 Exception <a 'sun/nio/fs/WindowsException'{0x00000000acd51a28}> (0x00000000acd51a28) 
thrown [s\src\hotspot\share\prims\jni.cpp, line 537]
Event: 12459.497 Thread 0x000001bb27555bb0 Exception <a 'sun/nio/fs/WindowsException'{0x00000000acd539e8}> (0x00000000acd539e8) 
thrown [s\src\hotspot\share\prims\jni.cpp, line 537]

ZGC Phase Switch (0 events):
No events

VM Operations (20 events):
Event: 12452.143 Executing safepoint VM operation: Cleanup
Event: 12452.144 Executing safepoint VM operation: Cleanup done
Event: 12453.157 Executing safepoint VM operation: Cleanup
Event: 12453.157 Executing safepoint VM operation: Cleanup done
Event: 12454.166 Executing safepoint VM operation: Cleanup
Event: 12454.166 Executing safepoint VM operation: Cleanup done
Event: 12454.268 Executing non-safepoint VM operation: HandshakeAllThreads (Deoptimize)
Event: 12454.269 Executing non-safepoint VM operation: HandshakeAllThreads (Deoptimize) done
Event: 12455.280 Executing safepoint VM operation: Cleanup
Event: 12455.280 Executing safepoint VM operation: Cleanup done
Event: 12458.246 Executing safepoint VM operation: G1CollectForAllocation (G1 Evacuation Pause)
Event: 12458.277 Executing safepoint VM operation: G1CollectForAllocation (G1 Evacuation Pause) done
Event: 12458.334 Executing safepoint VM operation: G1TryInitiateConcMark (G1 Humongous Allocation)
Event: 12458.350 Executing safepoint VM operation: G1TryInitiateConcMark (G1 Humongous Allocation) done
Event: 12458.400 Executing safepoint VM operation: G1PauseRemark
Event: 12458.421 Executing safepoint VM operation: G1PauseRemark done
Event: 12458.490 Executing safepoint VM operation: G1PauseCleanup
Event: 12458.490 Executing safepoint VM operation: G1PauseCleanup done
Event: 12459.496 Executing safepoint VM operation: Cleanup
Event: 12459.496 Executing safepoint VM operation: Cleanup done

Memory protections (0 events):
No events

Nmethod flushes (20 events):
Event: 12458.419 Thread 0x000001bb1e8deb40 flushing  nmethod 0x000001bb0aa6b510
Event: 12458.419 Thread 0x000001bb1e8deb40 flushing  nmethod 0x000001bb0ac42410
Event: 12458.419 Thread 0x000001bb1e8deb40 flushing  nmethod 0x000001bb09add690
Event: 12458.419 Thread 0x000001bb1e8deb40 flushing  nmethod 0x000001bb09cb3090
Event: 12458.419 Thread 0x000001bb1e8deb40 flushing  nmethod 0x000001bb0a077110
Event: 12458.419 Thread 0x000001bb1e8deb40 flushing  nmethod 0x000001bb0a07bb10
Event: 12458.419 Thread 0x000001bb1e8deb40 flushing  nmethod 0x000001bb0a264290
Event: 12458.419 Thread 0x000001bb1e8deb40 flushing  nmethod 0x000001bb0a26b490
Event: 12458.419 Thread 0x000001bb1e8deb40 flushing  nmethod 0x000001bb0a558d10
Event: 12458.419 Thread 0x000001bb1e8deb40 flushing  nmethod 0x000001bb0a70d890
Event: 12458.419 Thread 0x000001bb1e8deb40 flushing  nmethod 0x000001bb0a7c8290
Event: 12458.419 Thread 0x000001bb1e8deb40 flushing  nmethod 0x000001bb0a8f7f10
Event: 12458.419 Thread 0x000001bb1e8deb40 flushing  nmethod 0x000001bb0a8fd910
Event: 12458.419 Thread 0x000001bb1e8deb40 flushing  nmethod 0x000001bb0a900110
Event: 12458.419 Thread 0x000001bb1e8deb40 flushing  nmethod 0x000001bb0a958e10
Event: 12458.419 Thread 0x000001bb1e8deb40 flushing  nmethod 0x000001bb0aa70290
Event: 12458.419 Thread 0x000001bb1e8deb40 flushing  nmethod 0x000001bb0af9c410
Event: 12458.419 Thread 0x000001bb1e8deb40 flushing  nmethod 0x000001bb0b0bd110
Event: 12458.419 Thread 0x000001bb1e8deb40 flushing  nmethod 0x000001bb0b1a5310
Event: 12458.419 Thread 0x000001bb1e8deb40 flushing  nmethod 0x000001bb0b2e1e10

Events (20 events):
Event: 12458.422 Thread 0x000001bb2b69fba0 Thread exited: 0x000001bb2b69fba0
Event: 12458.589 Thread 0x000001bb1e9db3e0 Thread added: 0x000001bb2b69fba0
Event: 12458.637 Thread 0x000001bb1e9db3e0 Thread added: 0x000001bb2b21fcf0
Event: 12458.640 Thread 0x000001bb1e9db3e0 Thread added: 0x000001bb1ea7da60
Event: 12458.985 Thread 0x000001bb336fa510 Thread added: 0x000001bb3921f500
Event: 12458.987 Thread 0x000001bb3921f500 Thread added: 0x000001bb29d262d0
Event: 12459.011 Thread 0x000001bb29d262d0 Thread added: 0x000001bb32fa7d40
Event: 12459.011 Thread 0x000001bb32fa7d40 Thread added: 0x000001bb2575cac0
Event: 12459.013 Thread 0x000001bb2575cac0 Thread added: 0x000001bb29ba7820
Event: 12459.014 Thread 0x000001bb29ba7820 Thread added: 0x000001bb36f43a00
Event: 12459.014 Thread 0x000001bb36f43a00 Thread added: 0x000001bb29d26ff0
Event: 12459.015 Thread 0x000001bb29d26ff0 Thread added: 0x000001bb366d7150
Event: 12459.015 Thread 0x000001bb366d7150 Thread added: 0x000001bb29d26960
Event: 12459.016 Thread 0x000001bb29d26960 Thread added: 0x000001bb2575a360
Event: 12459.017 Thread 0x000001bb2575a360 Thread added: 0x000001bb3551a900
Event: 12459.101 Thread 0x000001bb44e78050 Thread exited: 0x000001bb44e78050
Event: 12459.101 Thread 0x000001bb41dcb6f0 Thread exited: 0x000001bb41dcb6f0
Event: 12459.101 Thread 0x000001bb33dfff10 Thread exited: 0x000001bb33dfff10
Event: 12459.495 Thread 0x000001bb1ea7da60 Thread exited: 0x000001bb1ea7da60
Event: 12459.495 Thread 0x000001bb2b21fcf0 Thread exited: 0x000001bb2b21fcf0


Dynamic libraries:
0x00007ff6dc220000 - 0x00007ff6dc22a000 	C:\Program Files\Android\Android Studio\jbr\bin\java.exe
0x00007ff9f54e0000 - 0x00007ff9f5746000 	C:\WINDOWS\SYSTEM32\ntdll.dll
0x00007ff9f4880000 - 0x00007ff9f4949000 	C:\WINDOWS\System32\KERNEL32.DLL
0x00007ff9f2830000 - 0x00007ff9f2c2e000 	C:\WINDOWS\System32\KERNELBASE.dll
0x00007ff9f2ff0000 - 0x00007ff9f313c000 	C:\WINDOWS\System32\ucrtbase.dll
0x00007ff9e6b80000 - 0x00007ff9e6b9b000 	C:\Program Files\Android\Android Studio\jbr\bin\VCRUNTIME140.dll
0x00007ff9e50c0000 - 0x00007ff9e50d8000 	C:\Program Files\Android\Android Studio\jbr\bin\jli.dll
0x00007ff9f41c0000 - 0x00007ff9f4387000 	C:\WINDOWS\System32\USER32.dll
0x00007ff9f3150000 - 0x00007ff9f3177000 	C:\WINDOWS\System32\win32u.dll
0x00007ff9f4600000 - 0x00007ff9f462b000 	C:\WINDOWS\System32\GDI32.dll
0x00007ff9d3770000 - 0x00007ff9d3a02000 	C:\WINDOWS\WinSxS\amd64_microsoft.windows.common-controls_6595b64144ccf1df_6.0.26100.8875_none_3e0d5d42e32fe9dd\COMCTL32.dll
0x00007ff9f4c80000 - 0x00007ff9f4d29000 	C:\WINDOWS\System32\msvcrt.dll
0x00007ff9f2700000 - 0x00007ff9f282a000 	C:\WINDOWS\System32\gdi32full.dll
0x00007ff9f2c40000 - 0x00007ff9f2ce3000 	C:\WINDOWS\System32\msvcp_win.dll
0x00007ff9f5460000 - 0x00007ff9f5492000 	C:\WINDOWS\System32\IMM32.DLL
0x00007ff9d83c0000 - 0x00007ff9d83cc000 	C:\Program Files\Android\Android Studio\jbr\bin\vcruntime140_1.dll
0x00007ff9aeb70000 - 0x00007ff9aebfd000 	C:\Program Files\Android\Android Studio\jbr\bin\msvcp140.dll
0x00007ff96e2e0000 - 0x00007ff96ef76000 	C:\Program Files\Android\Android Studio\jbr\bin\server\jvm.dll
0x00007ff9f4040000 - 0x00007ff9f40f7000 	C:\WINDOWS\System32\ADVAPI32.dll
0x00007ff9f3340000 - 0x00007ff9f33ea000 	C:\WINDOWS\System32\sechost.dll
0x00007ff9f4ad0000 - 0x00007ff9f4be8000 	C:\WINDOWS\System32\RPCRT4.dll
0x00007ff9f4bf0000 - 0x00007ff9f4c70000 	C:\WINDOWS\System32\WS2_32.dll
0x00007ff9e2d60000 - 0x00007ff9e2d96000 	C:\WINDOWS\SYSTEM32\WINMM.dll
0x00007ff9f1210000 - 0x00007ff9f126e000 	C:\WINDOWS\SYSTEM32\POWRPROF.dll
0x00007ff9e3f40000 - 0x00007ff9e3f4b000 	C:\WINDOWS\SYSTEM32\VERSION.dll
0x00007ff9f11f0000 - 0x00007ff9f1204000 	C:\WINDOWS\SYSTEM32\UMPDC.dll
0x00007ff9f14e0000 - 0x00007ff9f14fb000 	C:\WINDOWS\SYSTEM32\kernel.appcore.dll
0x00007ff9d83b0000 - 0x00007ff9d83ba000 	C:\Program Files\Android\Android Studio\jbr\bin\jimage.dll
0x00007ff9ef930000 - 0x00007ff9efb72000 	C:\WINDOWS\SYSTEM32\DBGHELP.DLL
0x00007ff9f50d0000 - 0x00007ff9f5453000 	C:\WINDOWS\System32\combase.dll
0x00007ff9f3260000 - 0x00007ff9f3339000 	C:\WINDOWS\System32\OLEAUT32.dll
0x00007ff9d0740000 - 0x00007ff9d077b000 	C:\WINDOWS\SYSTEM32\dbgcore.DLL
0x00007ff9f2e70000 - 0x00007ff9f2f1c000 	C:\WINDOWS\System32\bcryptPrimitives.dll
0x00007ff9e87e0000 - 0x00007ff9e87ee000 	C:\Program Files\Android\Android Studio\jbr\bin\instrument.dll
0x00007ff9d8390000 - 0x00007ff9d83b0000 	C:\Program Files\Android\Android Studio\jbr\bin\java.dll
0x00007ff9d6f40000 - 0x00007ff9d6f58000 	C:\Program Files\Android\Android Studio\jbr\bin\zip.dll
0x00007ff9f3890000 - 0x00007ff9f4022000 	C:\WINDOWS\System32\SHELL32.dll
0x00007ff9f01a0000 - 0x00007ff9f0a32000 	C:\WINDOWS\SYSTEM32\windows.storage.dll
0x00007ff9f4500000 - 0x00007ff9f45f7000 	C:\WINDOWS\System32\SHCORE.dll
0x00007ff9f4950000 - 0x00007ff9f49b7000 	C:\WINDOWS\System32\shlwapi.dll
0x00007ff9f2620000 - 0x00007ff9f2649000 	C:\WINDOWS\SYSTEM32\profapi.dll
0x00007ff9d8380000 - 0x00007ff9d8390000 	C:\Program Files\Android\Android Studio\jbr\bin\net.dll
0x00007ff9ea8c0000 - 0x00007ff9ea9e7000 	C:\WINDOWS\SYSTEM32\WINHTTP.dll
0x00007ff9f1ab0000 - 0x00007ff9f1b1c000 	C:\WINDOWS\system32\mswsock.dll
0x00007ff9d6f20000 - 0x00007ff9d6f36000 	C:\Program Files\Android\Android Studio\jbr\bin\nio.dll
0x00007ff9d64d0000 - 0x00007ff9d64e0000 	C:\Program Files\Android\Android Studio\jbr\bin\verify.dll
0x00007ff9aeb20000 - 0x00007ff9aeb47000 	C:\Users\siuni\.gradle\native\660c5614fbf4a5f2a75b1949f50a0caf5cd603558e7d8a26e50b933a0cfb79d1\windows-amd64\native-platform.dll
0x00007ff99a650000 - 0x00007ff99a6c7000 	C:\Users\siuni\.gradle\native\0.2.8\x86_64-windows-gnu\gradle-fileevents.dll
0x00007ff9e9130000 - 0x00007ff9e9139000 	C:\Program Files\Android\Android Studio\jbr\bin\management.dll
0x00007ff9e9120000 - 0x00007ff9e912b000 	C:\Program Files\Android\Android Studio\jbr\bin\management_ext.dll
0x00007ff9f4ac0000 - 0x00007ff9f4ac8000 	C:\WINDOWS\System32\PSAPI.DLL
0x00007ff9f0df0000 - 0x00007ff9f0e23000 	C:\WINDOWS\SYSTEM32\IPHLPAPI.DLL
0x00007ff9f4030000 - 0x00007ff9f403a000 	C:\WINDOWS\System32\NSI.dll
0x00007ff9e9190000 - 0x00007ff9e9199000 	C:\Program Files\Android\Android Studio\jbr\bin\extnet.dll
0x00007ff9f1dd0000 - 0x00007ff9f1deb000 	C:\WINDOWS\SYSTEM32\CRYPTSP.dll
0x00007ff9f1440000 - 0x00007ff9f1479000 	C:\WINDOWS\system32\rsaenh.dll
0x00007ff9f1b70000 - 0x00007ff9f1ba2000 	C:\WINDOWS\SYSTEM32\USERENV.dll
0x00007ff9f25f0000 - 0x00007ff9f261a000 	C:\WINDOWS\SYSTEM32\bcrypt.dll
0x00007ff9f1db0000 - 0x00007ff9f1dbc000 	C:\WINDOWS\SYSTEM32\CRYPTBASE.dll
0x00007ff9d0060000 - 0x00007ff9d0068000 	C:\WINDOWS\system32\wshunix.dll
0x00007ff973a20000 - 0x00007ff973bb9000 	C:\Program Files\Android\Android Studio\jbr\bin\awt.dll
0x00007ff9d6500000 - 0x00007ff9d6544000 	C:\Program Files\Android\Android Studio\jbr\bin\nvdaControllerClient64.dll
0x00007ff9ef140000 - 0x00007ff9ef16f000 	C:\WINDOWS\SYSTEM32\dwmapi.dll
0x00007ff9e9f90000 - 0x00007ff9ea003000 	C:\WINDOWS\SYSTEM32\OLEACC.dll
0x00007ff9eeaf0000 - 0x00007ff9eeb90000 	C:\WINDOWS\SYSTEM32\apphelp.dll
0x00007ff9eecb0000 - 0x00007ff9eed59000 	C:\WINDOWS\system32\uxtheme.dll
0x00007ff99fab0000 - 0x00007ff99fbe3000 	C:\ProgramData\A-Volute\A-Volute.Nahimic\Modules\Scheduled\x64\AudioDevProps2.dll
0x00007ff9f46c0000 - 0x00007ff9f4859000 	C:\WINDOWS\System32\ole32.dll
0x00007ff9f4390000 - 0x00007ff9f44ed000 	C:\WINDOWS\System32\MSCTF.dll
0x00007ff9f1630000 - 0x00007ff9f1666000 	C:\WINDOWS\SYSTEM32\ntmarta.dll
0x00007ff9e52c0000 - 0x00007ff9e52c7000 	C:\Program Files\Android\Android Studio\jbr\bin\rmi.dll
0x00007ff9f0e80000 - 0x00007ff9f0fd6000 	C:\WINDOWS\SYSTEM32\DNSAPI.dll
0x00007ff9f1890000 - 0x00007ff9f189d000 	C:\WINDOWS\SYSTEM32\DSPARSE.dll
0x00007ff9e2d50000 - 0x00007ff9e2d5b000 	C:\Windows\System32\rasadhlp.dll
0x00007ff9e4e30000 - 0x00007ff9e4eb6000 	C:\WINDOWS\System32\fwpuclnt.dll
0x00007ff968690000 - 0x00007ff968779000 	C:\Users\siuni\AppData\Local\Temp\sqlite-3.41.2.2-9c54813d-3078-4197-ba50-47826469c2e1-sqlitejdbc.dll

JVMTI agents:
C:\Users\siuni\.gradle\wrapper\dists\gradle-9.4.1-bin\arn2x92ynaizyzdaamcbpbhtj\gradle-9.4.1\lib\agents\gradle-instrumentation-agent-9.4.1.jar path:C:\Program Files\Android\Android Studio\jbr\bin\instrument.dll, loaded, initialized, instrumentlib options:none

dbghelp: loaded successfully - version: 4.0.5 - missing functions: none
symbol engine: initialized successfully - sym options: 0x614 - pdb path: .;C:\Program Files\Android\Android Studio\jbr\bin;C:\WINDOWS\SYSTEM32;C:\WINDOWS\WinSxS\amd64_microsoft.windows.common-controls_6595b64144ccf1df_6.0.26100.8875_none_3e0d5d42e32fe9dd;C:\Program Files\Android\Android Studio\jbr\bin\server;C:\Users\siuni\.gradle\native\660c5614fbf4a5f2a75b1949f50a0caf5cd603558e7d8a26e50b933a0cfb79d1\windows-amd64;C:\Users\siuni\.gradle\native\0.2.8\x86_64-windows-gnu;C:\ProgramData\A-Volute\A-Volute.Nahimic\Modules\Scheduled\x64;C:\Users\siuni\AppData\Local\Temp

VM Arguments:
jvm_args: --add-opens=java.base/java.lang=ALL-UNNAMED --add-opens=java.base/java.lang.invoke=ALL-UNNAMED --add-opens=java.base/java.util=ALL-UNNAMED --add-opens=java.prefs/java.util.prefs=ALL-UNNAMED --add-exports=jdk.compiler/com.sun.tools.javac.api=ALL-UNNAMED --add-exports=jdk.compiler/com.sun.tools.javac.util=ALL-UNNAMED --add-opens=java.base/java.util=ALL-UNNAMED --add-opens=java.prefs/java.util.prefs=ALL-UNNAMED --add-opens=java.base/java.nio.charset=ALL-UNNAMED --add-opens=java.base/java.net=ALL-UNNAMED --add-opens=java.base/java.util.concurrent=ALL-UNNAMED --add-opens=java.base/java.util.concurrent.atomic=ALL-UNNAMED --add-opens=java.xml/javax.xml.namespace=ALL-UNNAMED --add-opens=java.base/java.time=ALL-UNNAMED -Xmx2048m -Dfile.encoding=UTF-8 -Duser.country=ES -Duser.language=es -Duser.variant -javaagent:C:\Users\siuni\.gradle\wrapper\dists\gradle-9.4.1-bin\arn2x92ynaizyzdaamcbpbhtj\gradle-9.4.1\lib\agents\gradle-instrumentation-agent-9.4.1.jar 
java_command: org.gradle.launcher.daemon.bootstrap.GradleDaemon 9.4.1
java_class_path (initial): C:\Users\siuni\.gradle\wrapper\dists\gradle-9.4.1-bin\arn2x92ynaizyzdaamcbpbhtj\gradle-9.4.1\lib\gradle-daemon-main-9.4.1.jar
Launcher Type: SUN_STANDARD

[Global flags]
     intx CICompilerCount                          = 12                                        {product} {ergonomic}
     uint ConcGCThreads                            = 5                                         {product} {ergonomic}
     uint G1ConcRefinementThreads                  = 18                                        {product} {ergonomic}
   size_t G1HeapRegionSize                         = 1048576                                   {product} {ergonomic}
    uintx GCDrainStackTargetSize                   = 64                                        {product} {ergonomic}
   size_t InitialHeapSize                          = 532676608                                 {product} {ergonomic}
   size_t MarkStackSize                            = 4194304                                   {product} {ergonomic}
   size_t MaxHeapSize                              = 2147483648                                {product} {command line}
   size_t MaxNewSize                               = 1287651328                                {product} {ergonomic}
   size_t MinHeapDeltaBytes                        = 1048576                                   {product} {ergonomic}
   size_t MinHeapSize                              = 8388608                                   {product} {ergonomic}
    uintx NonNMethodCodeHeapSize                   = 7602480                                {pd product} {ergonomic}
    uintx NonProfiledCodeHeapSize                  = 122027880                              {pd product} {ergonomic}
    uintx ProfiledCodeHeapSize                     = 122027880                              {pd product} {ergonomic}
    uintx ReservedCodeCacheSize                    = 251658240                              {pd product} {ergonomic}
     bool SegmentedCodeCache                       = true                                      {product} {ergonomic}
   size_t SoftMaxHeapSize                          = 2147483648                             {manageable} {ergonomic}
     bool UseCompressedOops                        = true                           {product lp64_product} {ergonomic}
     bool UseG1GC                                  = true                                      {product} {ergonomic}
     bool UseLargePagesIndividualAllocation        = false                                  {pd product} {ergonomic}

Logging:
Log output configuration:
 #0: stdout all=warning uptime,level,tags foldmultilines=false
 #1: stderr all=off uptime,level,tags foldmultilines=false

Release file:
JAVA_VERSION="21.0.10" 
MODULES="java.base java.compiler java.datatransfer java.xml java.prefs java.desktop java.instrument java.logging java.management java.security.sasl java.naming java.rmi java.management.rmi java.net.http java.scripting java.security.jgss java.transaction.xa java.sql java.sql.rowset java.xml.crypto java.se java.smartcardio jdk.accessibility jdk.internal.jvmstat jdk.attach jdk.charsets jdk.internal.opt jdk.zipfs jdk.compiler jdk.crypto.ec jdk.crypto.cryptoki jdk.dynalink jdk.hotspot.agent jdk.httpserver jdk.internal.ed jdk.internal.le jdk.internal.vm.ci jdk.jartool jdk.javadoc jdk.jcmd jdk.jdeps jdk.jdwp.agent jdk.jdi jdk.jfr jdk.jlink jdk.jsobject jdk.localedata jdk.management jdk.management.agent jdk.management.jfr jdk.naming.dns jdk.naming.rmi jdk.net jdk.sctp jdk.security.auth jdk.security.jgss jdk.unsupported jdk.unsupported.desktop jdk.xml.dom" 
IMPLEMENTOR="JetBrains s.r.o." 
JAVA_RUNTIME_VERSION="21.0.10+-14961533-b1163.108" 
LIBC="default" 
OS_ARCH="x86_64" 
OS_NAME="Windows" 
SOURCE=".:git:1351622c2ff2" 

Environment Variables:
JAVA_HOME=C:/Program Files/Android/Android Studio/jbr
PATH=C:\Users\siuni\bin;C:\Program Files\Git\mingw64\bin;C:\Program Files\Git\usr\local\bin;C:\Program Files\Git\usr\bin;C:\Program Files\Git\usr\bin;C:\Program Files\Git\mingw64\bin;C:\Program Files\Git\usr\bin;C:\Users\siuni\bin;C:\Program Files (x86)\Common Files\Oracle\Java\java8path;C:\Program Files (x86)\Common Files\Oracle\Java\javapath;C:\Windows\system32;C:\Windows;C:\Windows\System32\Wbem;C:\Windows\System32\WindowsPowerShell\v1.0;C:\Windows\System32\OpenSSH;C:\Program Files (x86)\NVIDIA Corporation\PhysX\Common;C:\Program Files\NVIDIA Corporation\NVIDIA NvDLISR;C:\Program Files\PuTTY;C:\Program Files\Git\cmd;C:\Program Files\dotnet;C:\WINDOWS\system32;C:\WINDOWS;C:\WINDOWS\System32\Wbem;C:\WINDOWS\System32\WindowsPowerShell\v1.0;C:\WINDOWS\System32\OpenSSH;C:\Program Files (x86)\GtkSharp\2.12\bin;C:\Program Files\nodejs;C:\Program Files\Docker\Docker\resources\bin;C:\Users\siuni\.local\bin;C:\Users\siuni\AppData\Local\Programs\Python\Launcher;C:\Program Files\MySQL\MySQL Shell 9.2\bin;C:\Users\siuni\AppData\Local\Microsoft\WindowsApps;C:\Users\siuni\AppData\Local\GitHubDesktop\bin;C:\Users\siuni\AppData\Roaming\TinyTeX\bin\windows;C:\Users\siuni\AppData\Local\Muse Hub\lib;C:\Users\siuni\AppData\Local\Programs\Microsoft VS Code\bin;C:\Program Files\MySQL\MySQL Server 8.0\bin;C:\Users\siuni\AppData\Local\Programs\mongosh;C:\Users\siuni\.dotnet\tools;C:\Users\siuni\AppData\Roaming\npm;C:\Users\siuni\AppData\Local\Programs\cursor\resources\app\bin;C:\Users\siuni\Downloads\flutter\bin;C:\Users\siuni\AppData\Local\Programs\Antigravity\bin;C:\Users\siuni\AppData\Local\Packages\PythonSoftwareFoundation.Python.3.13_qbz5n2kfra8p0\LocalCache\local-packages\Python313\Scripts;C:\Program Files\Git\usr\bin\vendor_perl;C:\Program Files\Git\usr\bin\core_perl
USERNAME=siuni
SHELL=C:\Program Files\Git\bin\bash.exe
TERM=xterm-256color
OS=Windows_NT
PROCESSOR_IDENTIFIER=Intel64 Family 6 Model 183 Stepping 1, GenuineIntel
TMP=C:\Users\siuni\AppData\Local\Temp
TEMP=C:\Users\siuni\AppData\Local\Temp




Periodic native trim disabled

JNI global refs:
JNI global refs: 48, weak refs: 10

JNI global refs memory usage: 835, weak refs: 833

Process memory usage:
Resident Set Size: 1501456K (4% of 33288056K total physical memory with 984316K free physical memory)

OOME stack traces (most recent first):
Classloader memory used:
Loader org.gradle.internal.classloader.VisitableURLClassLoader$InstrumentingVisitableURLClassLoader: 88618K
Loader java.net.URLClassLoader                                                         : 58777K
Loader org.gradle.internal.classloader.VisitableURLClassLoader                         : 54072K
Loader bootstrap                                                                       : 37557K
Loader org.gradle.initialization.MixInLegacyTypesClassLoader                           : 15580K
Loader org.gradle.internal.classloader.VisitableURLClassLoader                         : 8691K
Loader jdk.internal.reflect.DelegatingClassLoader                                      : 785K
Loader jdk.internal.loader.ClassLoaders$PlatformClassLoader                            : 610K
Loader jdk.internal.jrtfs.JrtFileSystemProvider$JrtFsLoader                            : 330K
Loader jdk.internal.loader.ClassLoaders$AppClassLoader                                 : 192K
Loader org.gradle.groovy.scripts.internal.DefaultScriptCompilationHandler$ScriptClassLoader: 133K
Loader sun.reflect.misc.MethodUtil                                                     : 2984B

Classes loaded by more than one classloader:
Class Program                                                                         : loaded 5 times (x 72B)
Class kotlin.text.StringsKt__StringsKt                                                : loaded 4 times (x 71B)
Class com.google.common.collect.Iterators$ArrayItr                                    : loaded 4 times (x 97B)
Class kotlin.comparisons.ComparisonsKt___ComparisonsJvmKt                             : loaded 4 times (x 71B)
Class kotlin.collections.CollectionsKt__IteratorsJVMKt                                : loaded 4 times (x 71B)
Class com.google.common.collect.UnmodifiableIterator                                  : loaded 4 times (x 80B)
Class kotlin.Pair                                                                     : loaded 4 times (x 72B)
Class com.google.common.collect.Iterators$MergingIterator                             : loaded 4 times (x 81B)
Class kotlin.collections.CollectionsKt                                                : loaded 4 times (x 71B)
Class kotlin.io.NoSuchFileException                                                   : loaded 4 times (x 82B)
Class com.google.common.collect.Iterators$SingletonIterator                           : loaded 4 times (x 81B)
Class kotlin.collections.CollectionsKt__MutableCollectionsKt                          : loaded 4 times (x 71B)
Class kotlin.io.TerminateException                                                    : loaded 4 times (x 82B)
Class kotlin.text.StringsKt__RegexExtensionsJVMKt                                     : loaded 4 times (x 71B)
Class kotlin.collections.CollectionsKt__CollectionsKt                                 : loaded 4 times (x 71B)
Class kotlin.collections.ArraysKt___ArraysJvmKt                                       : loaded 4 times (x 71B)
Class kotlin.io.FilesKt__FilePathComponentsKt                                         : loaded 4 times (x 71B)
Class com.google.common.collect.Iterators                                             : loaded 4 times (x 71B)
Class com.google.common.collect.Lists$StringAsImmutableList                           : loaded 4 times (x 207B)
Class kotlin.io.FilesKt__FileTreeWalkKt                                               : loaded 4 times (x 71B)
Class kotlin.sequences.FilteringSequence$iterator$1                                   : loaded 4 times (x 79B)
Class kotlin.sequences.SequencesKt__SequenceBuilderKt                                 : loaded 4 times (x 71B)
Class kotlin.collections.CollectionsKt__ReversedViewsKt                               : loaded 4 times (x 71B)
Class com.google.common.collect.ImmutableList                                         : loaded 4 times (x 206B)
Class kotlin.collections.EmptyList                                                    : loaded 4 times (x 174B)
Class kotlin.jvm.internal.markers.KMappedMarker                                       : loaded 4 times (x 70B)
Class kotlin.collections.MapsKt__MapsJVMKt                                            : loaded 4 times (x 71B)
Class com.google.common.collect.AbstractIterator                                      : loaded 4 times (x 82B)
Class kotlin.collections.ArraysKt__ArraysKt                                           : loaded 4 times (x 71B)
Class com.google.common.collect.AbstractIndexedListIterator                           : loaded 4 times (x 96B)
Class kotlin.NoWhenBranchMatchedException                                             : loaded 4 times (x 82B)
Class kotlin.collections.SetsKt__SetsJVMKt                                            : loaded 4 times (x 71B)
Class kotlin.Function                                                                 : loaded 4 times (x 70B)
Class kotlin.text.StringsKt__StringBuilderKt                                          : loaded 4 times (x 71B)
Class kotlin.io.FileAlreadyExistsException                                            : loaded 4 times (x 82B)
Class kotlin.text.StringsKt__StringsJVMKt                                             : loaded 4 times (x 71B)
Class kotlin.collections.SetsKt                                                       : loaded 4 times (x 71B)
Class kotlin.collections.ArraysKt__ArraysJVMKt                                        : loaded 4 times (x 71B)
Class kotlin.text.StringsKt__IndentKt                                                 : loaded 4 times (x 71B)
Class kotlin.NotImplementedError                                                      : loaded 4 times (x 82B)
Class kotlin.collections.MapsKt__MapsKt                                               : loaded 4 times (x 71B)
Class com.google.common.collect.Iterators$1                                           : loaded 4 times (x 81B)
Class com.google.common.collect.PeekingIterator                                       : loaded 4 times (x 70B)
Class kotlin.UninitializedPropertyAccessException                                     : loaded 4 times (x 82B)
Class kotlin.collections.SetsKt__SetsKt                                               : loaded 4 times (x 71B)
Class com.google.common.collect.Iterators$4                                           : loaded 4 times (x 82B)
Class com.google.common.collect.Iterators$5                                           : loaded 4 times (x 82B)
Class com.google.common.base.Preconditions                                            : loaded 4 times (x 71B)
Class kotlin.collections.ArraysKt                                                     : loaded 4 times (x 71B)
Class kotlin.io.FilesKt__UtilsKt                                                      : loaded 4 times (x 71B)
Class kotlin.collections.CollectionsKt__CollectionsJVMKt                              : loaded 4 times (x 71B)
Class kotlin.ranges.RangesKt___RangesKt                                               : loaded 4 times (x 71B)
Class com.google.common.collect.ImmutableCollection                                   : loaded 4 times (x 125B)
Class kotlin.sequences.SequencesKt                                                    : loaded 4 times (x 71B)
Class kotlin.KotlinNullPointerException                                               : loaded 4 times (x 83B)
Class kotlin.collections.CollectionsKt__IteratorsKt                                   : loaded 4 times (x 71B)
Class kotlin.collections.CollectionsKt__IterablesKt                                   : loaded 4 times (x 71B)
Class kotlin.collections.MapsKt                                                       : loaded 4 times (x 71B)
Class com.google.common.collect.Lists                                                 : loaded 4 times (x 71B)
Class kotlin.text.StringsKt                                                           : loaded 4 times (x 71B)
Class com.google.common.collect.Iterators$9                                           : loaded 4 times (x 81B)
Class kotlin.text.StringsKt__StringNumberConversionsJVMKt                             : loaded 4 times (x 71B)
Class kotlin.sequences.Sequence                                                       : loaded 4 times (x 70B)
Class kotlin.io.FilesKt__FileReadWriteKt                                              : loaded 4 times (x 71B)
Class kotlin.jvm.internal.Intrinsics                                                  : loaded 4 times (x 71B)
Class kotlin.text.StringsKt__StringNumberConversionsKt                                : loaded 4 times (x 71B)
Class kotlin.enums.EnumEntries                                                        : loaded 4 times (x 70B)
Class kotlin.text.StringsKt___StringsKt                                               : loaded 4 times (x 71B)
Class kotlin.enums.EnumEntriesKt                                                      : loaded 4 times (x 71B)
Class kotlin.collections.CollectionsKt__MutableCollectionsJVMKt                       : loaded 4 times (x 71B)
Class com.google.common.collect.UnmodifiableListIterator                              : loaded 4 times (x 95B)
Class kotlin.collections.MapsKt__MapWithDefaultKt                                     : loaded 4 times (x 71B)
Class kotlin.collections.ArraysKt___ArraysKt                                          : loaded 4 times (x 71B)
Class kotlin.io.FileSystemException                                                   : loaded 4 times (x 82B)
Class kotlin.io.FilesKt                                                               : loaded 4 times (x 71B)
Class kotlin.collections.MapsKt___MapsKt                                              : loaded 4 times (x 71B)
Class kotlin.text.StringsKt__RegexExtensionsKt                                        : loaded 4 times (x 71B)
Class kotlin.sequences.SequencesKt__SequencesJVMKt                                    : loaded 4 times (x 71B)
Class kotlin.text.StringsKt___StringsJvmKt                                            : loaded 4 times (x 71B)
Class kotlin.collections.AbstractList                                                 : loaded 4 times (x 197B)
Class kotlin.collections.AbstractCollection                                           : loaded 4 times (x 117B)
Class kotlin.text.StringsKt__StringBuilderJVMKt                                       : loaded 4 times (x 71B)
Class kotlin.text.StringsKt__AppendableKt                                             : loaded 4 times (x 71B)
Class kotlin.collections.CollectionsKt___CollectionsKt                                : loaded 4 times (x 71B)
Class kotlin.comparisons.ComparisonsKt__ComparisonsKt                                 : loaded 4 times (x 71B)
Class kotlin.collections.MapsKt___MapsJvmKt                                           : loaded 4 times (x 71B)
Class kotlin.ranges.RangesKt__RangesKt                                                : loaded 4 times (x 71B)
Class kotlin.collections.SetsKt___SetsKt                                              : loaded 4 times (x 71B)
Class kotlin.sequences.SequencesKt__SequencesKt                                       : loaded 4 times (x 71B)
Class kotlin.jvm.functions.Function2                                                  : loaded 4 times (x 70B)
Class kotlin.enums.EnumEntriesList                                                    : loaded 4 times (x 223B)
Class kotlin.comparisons.ComparisonsKt                                                : loaded 4 times (x 71B)
Class kotlin.jvm.functions.Function1                                                  : loaded 4 times (x 70B)
Class kotlin.comparisons.ComparisonsKt___ComparisonsKt                                : loaded 4 times (x 71B)
Class kotlin.sequences.FilteringSequence                                              : loaded 4 times (x 75B)
Class kotlin.collections.CollectionsKt___CollectionsJvmKt                             : loaded 4 times (x 71B)
Class kotlin.jvm.functions.Function0                                                  : loaded 4 times (x 70B)
Class kotlin.collections.ArraysUtilJVM                                                : loaded 4 times (x 71B)
Class kotlin.ranges.RangesKt                                                          : loaded 4 times (x 71B)
Class kotlin.TuplesKt                                                                 : loaded 4 times (x 71B)
Class kotlin.Unit                                                                     : loaded 4 times (x 71B)
Class kotlin.sequences.SequencesKt___SequencesJvmKt                                   : loaded 4 times (x 71B)
Class kotlin.sequences.SequencesKt___SequencesKt                                      : loaded 4 times (x 71B)
Class kotlin.collections.AbstractList$Companion                                       : loaded 4 times (x 71B)
Class com.google.common.base.CharMatcher$Or                                           : loaded 3 times (x 113B)
Class kotlin.jvm.internal.markers.KMutableIterable                                    : loaded 3 times (x 70B)
Class kotlin.jvm.internal.FunctionReferenceImpl                                       : loaded 3 times (x 126B)
Class kotlin.sequences.FlatteningSequence$iterator$1                                  : loaded 3 times (x 79B)
Class com.google.common.collect.ImmutableSet                                          : loaded 3 times (x 145B)
Class com.google.common.base.CharMatcher$BitSetMatcher                                : loaded 3 times (x 113B)
Class kotlin.Result$Companion                                                         : loaded 3 times (x 71B)
Class kotlin.coroutines.jvm.internal.BaseContinuationImpl                             : loaded 3 times (x 87B)
Class kotlin.text.CharsKt__CharJVMKt                                                  : loaded 3 times (x 71B)
Class org.gradle.internal.Cast                                                        : loaded 3 times (x 71B)
Class org.gradle.api.Action                                                           : loaded 3 times (x 70B)
Class com.google.common.base.CharMatcher$FastMatcher                                  : loaded 3 times (x 112B)
Class kotlin.collections.AbstractMutableList                                          : loaded 3 times (x 206B)
Class kotlin.KotlinNothingValueException                                              : loaded 3 times (x 82B)
Class com.google.common.base.Predicate                                                : loaded 3 times (x 70B)
Class kotlin.jvm.functions.Function3                                                  : loaded 3 times (x 70B)
Class kotlin.sequences.SequencesKt___SequencesKt$flatMap$2                            : loaded 3 times (x 129B)
Class com.google.common.base.CharMatcher$NegatedFastMatcher                           : loaded 3 times (x 114B)
Class kotlin.UNINITIALIZED_VALUE                                                      : loaded 3 times (x 71B)
Class kotlin.jvm.functions.Function4                                                  : loaded 3 times (x 70B)
Class kotlin.Triple                                                                   : loaded 3 times (x 72B)
Class kotlin.sequences.SequencesKt__SequenceBuilderKt$sequence$$inlined$Sequence$1    : loaded 3 times (x 75B)
Class kotlin.text.Regex                                                               : loaded 3 times (x 72B)
Class kotlin.collections.EmptySet                                                     : loaded 3 times (x 122B)
Class kotlin.LazyKt__LazyKt                                                           : loaded 3 times (x 71B)
Class kotlin.coroutines.jvm.internal.RestrictedSuspendLambda                          : loaded 3 times (x 91B)
Class kotlin.io.FilePathComponents                                                    : loaded 3 times (x 72B)
Class kotlin.annotation.Target                                                        : loaded 3 times (x 70B)
Class org.gradle.api.GradleException                                                  : loaded 3 times (x 82B)
Class kotlin.reflect.KDeclarationContainer                                            : loaded 3 times (x 70B)
Class kotlin.collections.EmptyIterator                                                : loaded 3 times (x 89B)
Class kotlin.annotation.Retention                                                     : loaded 3 times (x 70B)
Class kotlin.SynchronizedLazyImpl                                                     : loaded 3 times (x 76B)
Class kotlin.jvm.internal.DefaultConstructorMarker                                    : loaded 3 times (x 71B)
Class kotlin.sequences.TransformingSequence                                           : loaded 3 times (x 75B)
Class com.google.common.collect.RegularImmutableList                                  : loaded 3 times (x 207B)
Class com.google.common.base.Function                                                 : loaded 3 times (x 70B)
Class org.gradle.internal.IoActions                                                   : loaded 3 times (x 71B)
Class kotlin.ranges.IntRange                                                          : loaded 3 times (x 93B)
Class kotlin.jvm.internal.CallableReference                                           : loaded 3 times (x 110B)
Class kotlin.jvm.KotlinReflectionNotSupportedError                                    : loaded 3 times (x 82B)
Class com.google.common.base.CharMatcher$IsNot                                        : loaded 3 times (x 112B)
Class kotlin.jvm.internal.markers.KMutableList                                        : loaded 3 times (x 70B)
Class [Lkotlin.Pair;                                                                  : loaded 3 times (x 69B)
Class com.google.common.collect.ImmutableSet$RegularSetBuilderImpl                    : loaded 3 times (x 77B)
Class kotlin.ranges.IntRange$Companion                                                : loaded 3 times (x 71B)
Class kotlin.coroutines.jvm.internal.RestrictedContinuationImpl                       : loaded 3 times (x 87B)
Class kotlin.LazyKt__LazyJVMKt                                                        : loaded 3 times (x 71B)
Class com.google.common.collect.ImmutableAsList                                       : loaded 3 times (x 209B)
Class kotlin.collections.EmptyMap                                                     : loaded 3 times (x 108B)
Class kotlin.reflect.KAnnotatedElement                                                : loaded 3 times (x 70B)
Class kotlin.jvm.internal.markers.KMutableCollection                                  : loaded 3 times (x 70B)
Class kotlin.coroutines.intrinsics.IntrinsicsKt                                       : loaded 3 times (x 71B)
Class com.google.common.collect.ImmutableSet$CachingAsList                            : loaded 3 times (x 148B)
Class kotlin.ranges.IntProgression$Companion                                          : loaded 3 times (x 71B)
Class kotlin.coroutines.intrinsics.CoroutineSingletons                                : loaded 3 times (x 79B)
Class kotlin.ranges.OpenEndRange                                                      : loaded 3 times (x 70B)
Class com.google.common.base.CharMatcher$AnyOf                                        : loaded 3 times (x 113B)
Class kotlin.sequences.SequenceBuilderIterator                                        : loaded 3 times (x 85B)
Class kotlin.sequences.SequenceScope                                                  : loaded 3 times (x 73B)
Class com.google.common.base.CharMatcher$Negated                                      : loaded 3 times (x 114B)
Class com.google.common.base.CharMatcher$Is                                           : loaded 3 times (x 112B)
Class kotlin.coroutines.intrinsics.IntrinsicsKt__IntrinsicsKt                         : loaded 3 times (x 71B)
Class com.google.common.base.CharMatcher$ForPredicate                                 : loaded 3 times (x 113B)
Class kotlin.text.CharsKt__CharKt                                                     : loaded 3 times (x 71B)
Class kotlin.collections.ArrayDeque$Companion                                         : loaded 3 times (x 71B)
Class kotlin.Metadata                                                                 : loaded 3 times (x 70B)
Class com.google.common.collect.SingletonImmutableSet                                 : loaded 3 times (x 146B)
Class kotlin.collections.CollectionsKt___CollectionsKt$asSequence$$inlined$Sequence$1 : loaded 3 times (x 75B)
Class kotlin.LazyKt                                                                   : loaded 3 times (x 71B)
Class com.google.common.base.CharMatcher                                              : loaded 3 times (x 112B)
Class com.google.common.collect.ImmutableList$1                                       : loaded 3 times (x 97B)
Class kotlin.collections.ArrayDeque                                                   : loaded 3 times (x 207B)
Class kotlin.reflect.KFunction                                                        : loaded 3 times (x 70B)
Class com.google.common.collect.ImmutableList$ReverseImmutableList                    : loaded 3 times (x 207B)
Class com.google.common.base.Joiner$1                                                 : loaded 3 times (x 81B)
Class com.google.common.collect.SingletonImmutableList                                : loaded 3 times (x 207B)
Class kotlin.coroutines.EmptyCoroutineContext                                         : loaded 3 times (x 77B)
Class com.google.common.base.CharMatcher$1                                            : loaded 3 times (x 114B)
Class com.google.common.collect.NullnessCasts                                         : loaded 3 times (x 71B)
Class kotlin.collections.IntIterator                                                  : loaded 3 times (x 82B)
Class com.google.common.base.ExtraObjectsMethodsForWeb                                : loaded 3 times (x 71B)
Class com.google.common.base.CharMatcher$NamedFastMatcher                             : loaded 3 times (x 113B)
Class kotlin.ranges.ClosedRange                                                       : loaded 3 times (x 70B)
Class com.google.common.collect.Multimap                                              : loaded 3 times (x 70B)
Class kotlin.internal.ProgressionUtilKt                                               : loaded 3 times (x 71B)
Class com.google.common.base.Joiner$2                                                 : loaded 3 times (x 80B)
Class kotlin.jvm.internal.CallableReference$NoReceiver                                : loaded 3 times (x 71B)
Class kotlin.Lazy                                                                     : loaded 3 times (x 70B)
Class kotlin.Result$Failure                                                           : loaded 3 times (x 72B)
Class com.google.common.base.CharMatcher$InRange                                      : loaded 3 times (x 112B)
Class kotlin.sequences.ConstrainedOnceSequence                                        : loaded 3 times (x 75B)
Class kotlin.ResultKt                                                                 : loaded 3 times (x 71B)
Class kotlin.jvm.internal.CollectionToArray                                           : loaded 3 times (x 71B)
Class com.google.common.base.Objects                                                  : loaded 3 times (x 71B)
Class com.google.common.base.CharMatcher$And                                          : loaded 3 times (x 113B)
Class com.google.common.base.CharMatcher$IsEither                                     : loaded 3 times (x 112B)
Class Build_gradle                                                                    : loaded 3 times (x 126B)
Class com.google.common.collect.ImmutableSet$SetBuilderImpl                           : loaded 3 times (x 76B)
Class kotlin.text.CharsKt                                                             : loaded 3 times (x 71B)
Class kotlin.coroutines.jvm.internal.SuspendFunction                                  : loaded 3 times (x 70B)
Class kotlin.reflect.KCallable                                                        : loaded 3 times (x 70B)
Class com.google.common.collect.RegularImmutableAsList                                : loaded 3 times (x 217B)
Class kotlin.jvm.internal.Ref$BooleanRef                                              : loaded 3 times (x 71B)
Class kotlin.jvm.internal.StringCompanionObject                                       : loaded 3 times (x 71B)
Class com.google.common.collect.ForwardingObject                                      : loaded 3 times (x 72B)
Class com.google.common.collect.ImmutableList$SubList                                 : loaded 3 times (x 207B)
Class kotlin.coroutines.intrinsics.IntrinsicsKt__IntrinsicsJvmKt                      : loaded 3 times (x 71B)
Class com.google.common.collect.ImmutableList$Builder                                 : loaded 3 times (x 77B)
Class kotlin.coroutines.jvm.internal.CoroutineStackFrame                              : loaded 3 times (x 70B)
Class kotlin.io.CloseableKt                                                           : loaded 3 times (x 71B)
Class kotlin.sequences.TransformingSequence$iterator$1                                : loaded 3 times (x 79B)
Class kotlin.sequences.FlatteningSequence                                             : loaded 3 times (x 75B)
Class com.intellij.gradle.toolingExtension.util.GradleVersionUtil                     : loaded 3 times (x 71B)
Class kotlin.ranges.IntProgressionIterator                                            : loaded 3 times (x 82B)
Class kotlin.Result                                                                   : loaded 3 times (x 72B)
Class com.google.common.collect.RegularImmutableSet                                   : loaded 3 times (x 149B)
Class com.google.common.base.Joiner                                                   : loaded 3 times (x 80B)
Class kotlin.coroutines.CoroutineContext                                              : loaded 3 times (x 70B)
Class kotlin.coroutines.jvm.internal.DebugProbesKt                                    : loaded 3 times (x 71B)
Class kotlin.jvm.internal.FunctionBase                                                : loaded 3 times (x 70B)
Class [Lkotlin.coroutines.intrinsics.CoroutineSingletons;                             : loaded 3 times (x 69B)
Class kotlin._Assertions                                                              : loaded 3 times (x 71B)
Class kotlin.jvm.internal.FunctionReference                                           : loaded 3 times (x 126B)
Class com.google.common.collect.ImmutableCollection$Builder                           : loaded 3 times (x 76B)
Class kotlin.ranges.IntProgression                                                    : loaded 3 times (x 81B)
Class kotlin.text.Regex$Companion                                                     : loaded 3 times (x 71B)
Class kotlin.coroutines.Continuation                                                  : loaded 3 times (x 70B)
Class com.google.common.collect.MapMaker$Dummy                                        : loaded 2 times (x 79B)
Class org.objectweb.asm.FieldWriter                                                   : loaded 2 times (x 78B)
Class com.google.common.cache.CacheBuilder$NullListener                               : loaded 2 times (x 82B)
Class org.gradle.internal.classpath.TransformedClassPath                              : loaded 2 times (x 96B)
Class org.gradle.internal.classloader.InstrumentingClassLoader                        : loaded 2 times (x 70B)
Class [Lorg.jetbrains.org.objectweb.asm.SymbolTable$Entry;                            : loaded 2 times (x 69B)
Class com.google.common.reflect.Invokable                                             : loaded 2 times (x 103B)
Class com.amazon.ion.IonValue                                                         : loaded 2 times (x 70B)
Class org.jetbrains.plugins.gradle.model.ExternalLibraryDependency                    : loaded 2 times (x 70B)
Class com.google.gson.LongSerializationPolicy                                         : loaded 2 times (x 80B)
Class com.google.common.collect.ImmutableRangeSet$AsSet                               : loaded 2 times (x 300B)
Class ijJvmDebugger1_4qth3pholj5aahc5kz68rori7                                        : loaded 2 times (x 171B)
Class com.google.common.collect.MapDifference                                         : loaded 2 times (x 70B)
Class com.google.common.cache.LocalCache$Strength$3                                   : loaded 2 times (x 81B)
Class [Lkotlin.annotation.AnnotationTarget;                                           : loaded 2 times (x 69B)
Class com.google.common.reflect.Types$ParameterizedTypeImpl                           : loaded 2 times (x 81B)
Class com.google.common.collect.ImmutableListMultimap                                 : loaded 2 times (x 176B)
Class com.google.common.collect.Maps$IteratorBasedAbstractMap$1                       : loaded 2 times (x 138B)
Class com.google.common.cache.CacheLoader$FunctionToCacheLoader                       : loaded 2 times (x 75B)
Class com.google.common.io.ByteStreams                                                : loaded 2 times (x 71B)
Class com.google.common.collect.TransformedIterator                                   : loaded 2 times (x 80B)
Class com.google.gson.internal.bind.DefaultDateTypeAdapter                            : loaded 2 times (x 74B)
Class com.google.gson.GsonBuilder                                                     : loaded 2 times (x 72B)
Class com.amazon.ion.impl.bin.IonRawBinaryWriter$ContainerType                        : loaded 2 times (x 79B)
Class com.amazon.ion.impl._Private_IonTextWriterBuilder$Mutable                       : loaded 2 times (x 102B)
Class [Lcom.google.common.collect.Maps$EntryFunction;                                 : loaded 2 times (x 69B)
Class kotlin.collections.builders.ListBuilder$Companion                               : loaded 2 times (x 71B)
Class kotlin.collections.builders.ListBuilder                                         : loaded 2 times (x 207B)
Class com.google.common.reflect.TypeResolver$TypeVariableKey                          : loaded 2 times (x 72B)
Class com.google.common.collect.EmptyImmutableListMultimap                            : loaded 2 times (x 176B)
Class com.google.common.collect.BaseImmutableMultimap                                 : loaded 2 times (x 123B)
Class com.google.common.base.MoreObjects                                              : loaded 2 times (x 71B)
Class [Lorg.jetbrains.kotlin.com.intellij.openapi.diagnostic.LogLevel;                : loaded 2 times (x 69B)
Class org.jetbrains.kotlin.build.report.metrics.GradleBuildTime                       : loaded 2 times (x 86B)
Class com.google.gson.internal.Primitives                                             : loaded 2 times (x 71B)
Class com.google.gson.stream.JsonWriter                                               : loaded 2 times (x 98B)
Class org.jetbrains.kotlin.idea.gradleTooling.KotlinSourceSetContainer                : loaded 2 times (x 70B)
Class io.opentelemetry.context.ContextStorageWrappers                                 : loaded 2 times (x 71B)
Class io.opentelemetry.context.propagation.DefaultContextPropagators                  : loaded 2 times (x 75B)
Class org.jetbrains.plugins.gradle.model.IntelliJSettings                             : loaded 2 times (x 70B)
Class com.google.common.base.Splitter$1                                               : loaded 2 times (x 77B)
Class com.android.builder.model.v2.ide.TestInfo$Execution                             : loaded 2 times (x 79B)
Class com.google.common.collect.Interner                                              : loaded 2 times (x 70B)
Class kotlin.reflect.KProperty0                                                       : loaded 2 times (x 70B)
Class com.google.common.collect.Platform                                              : loaded 2 times (x 71B)
Class [Lorg.objectweb.asm.Type;                                                       : loaded 2 times (x 69B)
Class org.gradle.internal.service.ServiceLocator                                      : loaded 2 times (x 70B)
Class com.google.common.collect.Interners$InternerImpl                                : loaded 2 times (x 75B)
Class [Lkotlin.Function;                                                              : loaded 2 times (x 69B)
Class kotlin.reflect.KTypeParameter                                                   : loaded 2 times (x 70B)
Class com.google.gson.internal.bind.TypeAdapterRuntimeTypeWrapper                     : loaded 2 times (x 74B)
Class com.amazon.ion.impl.IonWriterSystem                                             : loaded 2 times (x 171B)
Class com.amazon.ion.impl.bin.Symbols$2                                               : loaded 2 times (x 107B)
Class com.amazon.ion.impl.bin._Private_IonManagedWriter                               : loaded 2 times (x 70B)
Class com.google.common.collect.AllEqualOrdering                                      : loaded 2 times (x 114B)
Class com.android.ide.gradle.model.GradlePropertiesModel                              : loaded 2 times (x 70B)
Class com.android.builder.model.v2.ide.AbstractArtifact                               : loaded 2 times (x 70B)
Class org.gradle.tooling.internal.adapter.ProtocolToModelAdapter$SupportedPropertyInvoker: loaded 2 times (x 76B)
Class org.gradle.tooling.model.UnsupportedMethodException                             : loaded 2 times (x 82B)
Class jdk.internal.jrtfs.JrtFileSystemProvider                                        : loaded 2 times (x 101B)
Class kotlin.reflect.KProperty1                                                       : loaded 2 times (x 70B)
Class kotlin.reflect.KClass                                                           : loaded 2 times (x 70B)
Class com.google.common.collect.SingletonImmutableBiMap                               : loaded 2 times (x 143B)
Class com.google.common.base.Ascii                                                    : loaded 2 times (x 71B)
Class com.google.common.cache.LocalCache$1                                            : loaded 2 times (x 89B)
Class com.google.common.collect.AbstractMapEntry                                      : loaded 2 times (x 81B)
Class com.intellij.openapi.externalSystem.model.project.dependencies.ResolutionState  : loaded 2 times (x 79B)
Class com.amazon.ion.impl._Private_ByteTransferSink                                   : loaded 2 times (x 70B)
Class com.amazon.ion.impl.lite.IonContainerLite                                       : loaded 2 times (x 249B)
Class com.amazon.ion.IonBufferConfiguration$OversizedSymbolTableHandler               : loaded 2 times (x 70B)
Class com.amazon.ion.system.IonWriterBuilder                                          : loaded 2 times (x 74B)
Class org.jetbrains.plugins.gradle.tooling.serialization.ToolingStreamApiUtils        : loaded 2 times (x 71B)
Class com.amazon.ion.facet.Faceted                                                    : loaded 2 times (x 70B)
Class com.android.builder.model.v2.ide.BytecodeTransformation                         : loaded 2 times (x 79B)
Class com.amazon.ion.impl.bin.IonManagedBinaryWriter$ImportedSymbolResolverMode$1$1   : loaded 2 times (x 78B)
Class kotlin.sequences.GeneratorSequence$iterator$1                                   : loaded 2 times (x 79B)
Class kotlin.reflect.KProperty2                                                       : loaded 2 times (x 70B)
Class com.google.common.reflect.TypeToken$SimpleTypeToken                             : loaded 2 times (x 73B)
Class com.google.common.collect.AbstractSetMultimap                                   : loaded 2 times (x 174B)
Class com.google.common.collect.MapMakerInternalMap$AbstractStrongKeyEntry            : loaded 2 times (x 80B)
Class com.google.common.collect.Sets$ImprovedAbstractSet                              : loaded 2 times (x 135B)
Class com.google.common.collect.AbstractMultimap                                      : loaded 2 times (x 123B)
Class com.google.common.cache.LocalCache$2                                            : loaded 2 times (x 142B)
Class com.amazon.ion.IonDatagram                                                      : loaded 2 times (x 70B)
Class com.google.common.cache.LocalCache$Strength$2                                   : loaded 2 times (x 81B)
Class com.google.gson.internal.bind.MapTypeAdapterFactory$Adapter                     : loaded 2 times (x 74B)
Class com.google.gson.internal.sql.SqlTimeTypeAdapter$1                               : loaded 2 times (x 75B)
Class com.amazon.ion.impl.bin.utf8.Poolable                                           : loaded 2 times (x 79B)
Class com.amazon.ion.IonSymbol                                                        : loaded 2 times (x 70B)
Class io.opentelemetry.api.trace.SpanContext                                          : loaded 2 times (x 70B)
Class io.opentelemetry.api.trace.DefaultTracer$NoopSpanBuilder                        : loaded 2 times (x 91B)
Class org.jetbrains.plugins.gradle.tooling.serialization.AnnotationProcessingModelSerializationService$WriteContext: loaded 2 times (x 72B)
Class com.android.builder.model.v2.ide.CodeShrinker                                   : loaded 2 times (x 79B)
Class com.google.common.util.concurrent.SettableFuture                                : loaded 2 times (x 114B)
Class com.google.common.collect.ImmutableRangeSet$1                                   : loaded 2 times (x 210B)
Class com.google.common.collect.Collections2$FilteredCollection                       : loaded 2 times (x 119B)
Class kotlin.coroutines.CoroutineContext$Element                                      : loaded 2 times (x 70B)
Class org.jetbrains.kotlin.idea.gradleTooling.KotlinGradlePluginVersion               : loaded 2 times (x 70B)
Class com.intellij.compose.ide.plugin.gradleTooling.rt.ComposeResourcesModel          : loaded 2 times (x 70B)
Class com.intellij.gradle.toolingExtension.impl.util.collectionUtil.GradleCollections : loaded 2 times (x 71B)
Class com.amazon.ion.impl.lite.IonStructLite                                          : loaded 2 times (x 299B)
Class com.amazon.ion.impl._Private_ReaderWriter                                       : loaded 2 times (x 70B)
Class com.amazon.ion.impl.bin.AbstractSymbolTable                                     : loaded 2 times (x 107B)
Class com.amazon.ion.Decimal                                                          : loaded 2 times (x 133B)
Class com.amazon.ion.impl.bin._Private_IonManagedBinaryWriterBuilder$AllocatorMode$1  : loaded 2 times (x 80B)
Class org.jetbrains.plugins.gradle.tooling.serialization.ProjectDependenciesSerializationService$WriteContext: loaded 2 times (x 72B)
Class org.jetbrains.plugins.gradle.tooling.serialization.ProjectDependenciesSerializationService: loaded 2 times (x 77B)
Class com.google.common.reflect.Types$ClassOwnership$3                                : loaded 2 times (x 71B)
Class kotlin.coroutines.jvm.internal.ContinuationImpl                                 : loaded 2 times (x 87B)
Class com.google.common.collect.Range                                                 : loaded 2 times (x 86B)
Class org.gradle.tooling.model.kotlin.dsl.KotlinDslScriptModel                        : loaded 2 times (x 70B)
Class org.gradle.tooling.internal.adapter.CollectionMapper                            : loaded 2 times (x 73B)
Class kotlin.io.LinesSequence$iterator$1                                              : loaded 2 times (x 79B)
Class kotlin.collections.AbstractIterator                                             : loaded 2 times (x 83B)
Class com.google.common.base.Optional                                                 : loaded 2 times (x 80B)
Class com.google.common.util.concurrent.AbstractFuture$Trusted                        : loaded 2 times (x 70B)
Class [Lorg.jetbrains.kotlin.build.report.metrics.BuildTime;                          : loaded 2 times (x 69B)
Class org.jetbrains.kotlin.tooling.core.KotlinToolingVersion                          : loaded 2 times (x 75B)
Class com.google.gson.internal.bind.DefaultDateTypeAdapter$DateType                   : loaded 2 times (x 73B)
Class com.amazon.ion.impl.lite.IonFloatLite                                           : loaded 2 times (x 187B)
Class com.amazon.ion.impl._Private_IonTextWriterBuilder                               : loaded 2 times (x 102B)
Class com.amazon.ion.impl.bin._Private_IonManagedBinaryWriterBuilder$AllocatorMode$2  : loaded 2 times (x 80B)
Class io.opentelemetry.api.trace.DefaultTracerProvider                                : loaded 2 times (x 79B)
Class kotlin.coroutines.jvm.internal.SuspendLambda                                    : loaded 2 times (x 91B)
Class [Lcom.android.builder.model.v2.ide.LibraryType;                                 : loaded 2 times (x 69B)
Class com.android.builder.model.v2.ide.LibraryType                                    : loaded 2 times (x 79B)
Class com.google.common.collect.ExplicitOrdering                                      : loaded 2 times (x 115B)
Class jdk.internal.jimage.ImageLocation                                               : loaded 2 times (x 90B)
Class kotlin.coroutines.ContinuationInterceptor$Key                                   : loaded 2 times (x 71B)
Class kotlin.text.DelimitedRangesSequence$iterator$1                                  : loaded 2 times (x 79B)
Class com.google.common.io.ByteSink$AsCharSink                                        : loaded 2 times (x 80B)
Class com.google.common.util.concurrent.UncheckedExecutionException                   : loaded 2 times (x 82B)
Class org.gradle.kotlin.dsl.VersionCatalogAccessorsKt                                 : loaded 2 times (x 71B)
Class org.jetbrains.org.objectweb.asm.ClassTooLargeException                          : loaded 2 times (x 83B)
Class com.google.gson.internal.bind.ReflectiveTypeAdapterFactory$1                    : loaded 2 times (x 74B)
Class org.jetbrains.plugins.gradle.ExternalDependencyId                               : loaded 2 times (x 70B)
Class com.amazon.ion.impl._Private_IonReaderBuilder                                   : loaded 2 times (x 97B)
Class com.amazon.ion.IonMutableCatalog                                                : loaded 2 times (x 70B)
Class gnu.trove.THash                                                                 : loaded 2 times (x 81B)
Class com.intellij.gradle.toolingExtension.impl.model.buildScriptClasspathModel.GradleBuildScriptClasspathSerializationService$WriteContext: loaded 2 times (x 72B)
Class org.gradle.tooling.internal.adapter.ProtocolToModelAdapter                      : loaded 2 times (x 80B)
Class kotlin.collections.MapWithDefault                                               : loaded 2 times (x 70B)
Class kotlin.jvm.functions.Function22                                                 : loaded 2 times (x 70B)
Class com.google.gson.internal.bind.ReflectiveTypeAdapterFactory$2                    : loaded 2 times (x 79B)
Class [Lio.opentelemetry.context.ThreadLocalContextStorage$NoopScope;                 : loaded 2 times (x 69B)
Class io.opentelemetry.context.ThreadLocalContextStorage$NoopScope                    : loaded 2 times (x 85B)
Class kotlin.annotation.AnnotationRetention                                           : loaded 2 times (x 79B)
Class com.android.ide.common.gradle.Separator                                         : loaded 2 times (x 79B)
Class com.android.builder.model.v2.ide.AndroidGradlePluginProjectFlags$BooleanFlag    : loaded 2 times (x 79B)
Class org.gradle.internal.time.DefaultTimer                                           : loaded 2 times (x 80B)
Class jdk.internal.jimage.ImageBufferCache$1                                          : loaded 2 times (x 83B)
Class kotlin.collections.ArraysKt___ArraysKt$asSequence$$inlined$Sequence$1           : loaded 2 times (x 75B)
Class kotlin.time.DurationUnitKt__DurationUnitJvmKt                                   : loaded 2 times (x 71B)
Class kotlin.jvm.JvmStatic                                                            : loaded 2 times (x 70B)
Class com.google.common.collect.HashMultimapGwtSerializationDependencies              : loaded 2 times (x 174B)
Class com.google.common.collect.AbstractMapBasedMultimap$KeySet$1                     : loaded 2 times (x 82B)
Class org.objectweb.asm.ClassWriter                                                   : loaded 2 times (x 106B)
Class com.google.common.cache.CacheLoader$UnsupportedLoadingOperationException        : loaded 2 times (x 82B)
Class com.google.gson.ToNumberStrategy                                                : loaded 2 times (x 70B)
Class com.google.gson.TypeAdapter                                                     : loaded 2 times (x 73B)
Class org.gradle.tooling.model.Dependency                                             : loaded 2 times (x 70B)
Class com.amazon.ion.impl.bin.PooledBlockAllocatorProvider$PooledBlockAllocator$1     : loaded 2 times (x 79B)
Class com.amazon.ion.impl.lite.IonStringLite                                          : loaded 2 times (x 213B)
Class io.opentelemetry.context.ImplicitContextKeyed                                   : loaded 2 times (x 70B)
Class org.gradle.tooling.internal.adapter.ProtocolToModelAdapter$ViewKey              : loaded 2 times (x 72B)
Class jdk.internal.jimage.ImageBufferCache$2                                          : loaded 2 times (x 91B)
Class kotlin.collections.builders.ListBuilderKt                                       : loaded 2 times (x 71B)
Class com.google.common.collect.FluentIterable$1                                      : loaded 2 times (x 81B)
Class org.objectweb.asm.FieldVisitor                                                  : loaded 2 times (x 77B)
Class com.google.common.collect.IndexedImmutableSet                                   : loaded 2 times (x 152B)
Class com.google.common.collect.ImmutableMap$1                                        : loaded 2 times (x 81B)
Class com.google.common.collect.BiMap                                                 : loaded 2 times (x 70B)
Class org.gradle.api.internal.classpath.DefaultModuleRegistry$DefaultModule           : loaded 2 times (x 82B)
Class com.amazon.ion.impl.bin.Block                                                   : loaded 2 times (x 79B)
Class io.opentelemetry.context.DefaultContextKey                                      : loaded 2 times (x 72B)
Class org.gradle.api.JavaVersion                                                      : loaded 2 times (x 79B)
Class com.android.builder.model.v2.CustomSourceDirectory                              : loaded 2 times (x 70B)
Class com.google.common.collect.NullsFirstOrdering                                    : loaded 2 times (x 115B)
Class com.android.ide.common.repository.AgpVersion                                    : loaded 2 times (x 75B)
Class org.jetbrains.plugins.gradle.tooling.serialization.GradleExtensionsSerializationService: loaded 2 times (x 77B)
Class org.gradle.tooling.internal.adapter.ProtocolToModelAdapter$PropertyCachingMethodInvoker: loaded 2 times (x 76B)
Class com.google.common.reflect.Reflection                                            : loaded 2 times (x 71B)
Class com.google.common.collect.FluentIterable$2                                      : loaded 2 times (x 81B)
Class com.google.common.base.Absent                                                   : loaded 2 times (x 80B)
Class com.google.common.primitives.Ints                                               : loaded 2 times (x 71B)
Class org.jetbrains.org.objectweb.asm.FieldVisitor                                    : loaded 2 times (x 77B)
Class com.intellij.platform.diagnostic.telemetry.rt.context.TelemetryContextGetter    : loaded 2 times (x 75B)
Class com.intellij.openapi.externalSystem.model.ExternalSystemException               : loaded 2 times (x 86B)
Class org.jetbrains.plugins.gradle.model.ExternalTask                                 : loaded 2 times (x 70B)
Class com.amazon.ion.impl.bin.utf8.Utf8StringEncoderPool$1                            : loaded 2 times (x 76B)
Class com.amazon.ion.impl.lite.IonLoaderLite                                          : loaded 2 times (x 82B)
Class com.amazon.ion.impl.lite.IonContext                                             : loaded 2 times (x 70B)
Class com.amazon.ion.impl.IonWriterSystemText                                         : loaded 2 times (x 190B)
Class [Lcom.amazon.ion.impl.bin.IonManagedBinaryWriter$ImportedSymbolResolverMode;    : loaded 2 times (x 69B)
Class com.amazon.ion.ValueFactory                                                     : loaded 2 times (x 70B)
Class io.opentelemetry.api.internal.IncubatingUtil                                    : loaded 2 times (x 71B)
Class io.opentelemetry.api.GlobalOpenTelemetry$ObfuscatedOpenTelemetry                : loaded 2 times (x 92B)
Class com.amazon.ion.impl.bin.PooledBlockAllocatorProvider$PooledBlockAllocator       : loaded 2 times (x 81B)
Class com.android.builder.model.v2.models.ProjectSyncIssues                           : loaded 2 times (x 70B)
Class com.amazon.ion.IonTimestamp                                                     : loaded 2 times (x 70B)
Class org.gradle.internal.time.DefaultCountdownTimer                                  : loaded 2 times (x 88B)
Class kotlin.collections.IndexingIterable                                             : loaded 2 times (x 79B)
Class com.google.common.collect.FluentIterable$3                                      : loaded 2 times (x 81B)
Class com.google.common.collect.ObjectArrays                                          : loaded 2 times (x 71B)
Class com.google.common.math.MathPreconditions                                        : loaded 2 times (x 71B)
Class com.google.common.collect.Multiset                                              : loaded 2 times (x 70B)
Class com.google.common.collect.ArrayListMultimapGwtSerializationDependencies         : loaded 2 times (x 172B)
Class com.google.common.cache.LocalCache$Strength$1                                   : loaded 2 times (x 81B)
Class org.objectweb.asm.ModuleVisitor                                                 : loaded 2 times (x 81B)
Class com.google.gson.internal.ObjectConstructor                                      : loaded 2 times (x 70B)
Class com.amazon.ion.impl.bin.IonManagedBinaryWriter$SymbolResolver                   : loaded 2 times (x 70B)
Class com.amazon.ion.impl._Private_SymbolToken                                        : loaded 2 times (x 70B)
Class com.amazon.ion.impl.bin._Private_IonManagedBinaryWriterBuilder$AllocatorMode    : loaded 2 times (x 80B)
Class org.jetbrains.plugins.gradle.model.GradleTaskModel                              : loaded 2 times (x 70B)
Class org.jetbrains.plugins.gradle.tooling.util.ObjectCollector                       : loaded 2 times (x 72B)
Class org.gradle.tooling.internal.adapter.ProtocolToModelAdapter$AdaptingMethodInvoker: loaded 2 times (x 76B)
Class org.gradle.tooling.internal.gradle.DefaultBuildIdentifier                       : loaded 2 times (x 79B)
Class com.google.common.collect.ImmutableMapEntrySet                                  : loaded 2 times (x 152B)
Class org.gradle.api.internal.classpath.Module                                        : loaded 2 times (x 70B)
Class com.google.common.collect.Sets$4                                                : loaded 2 times (x 139B)
Class ijJvmDebugger1_4qth3pholj5aahc5kz68rori7$_run_closure1$_closure2                : loaded 2 times (x 140B)
Class [Lcom.amazon.ion.util.GzipStreamInterceptor;                                    : loaded 2 times (x 69B)
Class com.amazon.ion.impl._Private_IonReaderBuilder$Mutable                           : loaded 2 times (x 97B)
Class com.intellij.openapi.externalSystem.model.project.IExternalSystemSourceType     : loaded 2 times (x 70B)
Class com.google.common.io.ByteArrayDataInput                                         : loaded 2 times (x 70B)
Class kotlin.KotlinVersion                                                            : loaded 2 times (x 74B)
Class kotlin.reflect.KMutableProperty                                                 : loaded 2 times (x 70B)
Class com.google.common.cache.Weigher                                                 : loaded 2 times (x 70B)
Class org.gradle.api.internal.classpath.UnknownModuleException                        : loaded 2 times (x 82B)
Class io.opentelemetry.api.trace.TraceStateBuilder                                    : loaded 2 times (x 70B)
Class com.intellij.openapi.externalSystem.model.project.dependencies.ProjectDependencies: loaded 2 times (x 70B)
Class org.jetbrains.plugins.gradle.tooling.serialization.ProjectDependenciesSerializationService$ReadContext: loaded 2 times (x 72B)
Class jdk.internal.jimage.ImageHeader                                                 : loaded 2 times (x 71B)
Class kotlin.sequences.DistinctIterator                                               : loaded 2 times (x 83B)
Class kotlin.jvm.internal.PropertyReference                                           : loaded 2 times (x 115B)
Class com.google.common.base.Stopwatch                                                : loaded 2 times (x 72B)
Class com.google.common.cache.LocalCache$Strength                                     : loaded 2 times (x 81B)
Class com.google.common.cache.Cache                                                   : loaded 2 times (x 70B)
Class org.jetbrains.kotlin.build.report.metrics.BuildMetricsReporter                  : loaded 2 times (x 70B)
Class kotlin.collections.IndexingIterator                                             : loaded 2 times (x 79B)
Class com.google.common.io.AppendableWriter                                           : loaded 2 times (x 100B)
Class com.google.common.base.NullnessCasts                                            : loaded 2 times (x 71B)
Class com.google.common.util.concurrent.AbstractFuture$Cancellation                   : loaded 2 times (x 72B)
Class com.google.common.collect.ImmutableMap$Builder                                  : loaded 2 times (x 82B)
Class org.jetbrains.org.objectweb.asm.FieldWriter                                     : loaded 2 times (x 78B)
Class org.jetbrains.org.objectweb.asm.MethodVisitor                                   : loaded 2 times (x 105B)
Class kotlin.io.ByteStreamsKt                                                         : loaded 2 times (x 71B)
Class [Lcom.google.gson.ToNumberPolicy;                                               : loaded 2 times (x 69B)
Class com.google.gson.ToNumberPolicy                                                  : loaded 2 times (x 83B)
Class com.amazon.ion.IonBufferConfiguration                                           : loaded 2 times (x 72B)
Class com.amazon.ion.impl.bin.Symbols                                                 : loaded 2 times (x 71B)
Class org.jetbrains.plugins.gradle.tooling.serialization.RepositoriesModelSerializationService: loaded 2 times (x 82B)
Class com.android.ide.gradle.model.artifacts.AdditionalClassifierArtifactsModel       : loaded 2 times (x 70B)
Class org.gradle.tooling.internal.gradle.GradleProjectIdentity                        : loaded 2 times (x 70B)
Class [Lkotlin.reflect.KAnnotatedElement;                                             : loaded 2 times (x 69B)
Class com.google.common.collect.AbstractMapBasedMultimap$WrappedCollection$WrappedIterator: loaded 2 times (x 84B)
Class com.google.common.collect.Maps$EntryFunction$1                                  : loaded 2 times (x 91B)
Class com.google.common.base.Present                                                  : loaded 2 times (x 81B)
Class com.google.common.cache.RemovalListener                                         : loaded 2 times (x 70B)
Class org.gradle.api.internal.DefaultClassPathRegistry                                : loaded 2 times (x 76B)
Class com.google.common.collect.MapMakerInternalMap$StrongValueEntry                  : loaded 2 times (x 70B)
Class [Lcom.amazon.ion.impl.bin.AbstractIonWriter$WriteValueOptimization;             : loaded 2 times (x 69B)
Class io.opentelemetry.api.internal.AutoValue_ImmutableSpanContext                    : loaded 2 times (x 92B)
Class org.jetbrains.plugins.gradle.tooling.serialization.RepositoriesModelSerializationService$ReadContext: loaded 2 times (x 72B)
Class com.google.common.reflect.TypeResolver                                          : loaded 2 times (x 72B)
Class com.android.builder.model.v2.ide.JavaArtifact                                   : loaded 2 times (x 70B)
Class kotlin.annotation.AnnotationTarget                                              : loaded 2 times (x 79B)
Class kotlin.jvm.JvmClassMappingKt                                                    : loaded 2 times (x 71B)
Class kotlin.jvm.internal.Reflection                                                  : loaded 2 times (x 71B)
Class kotlin.reflect.KProperty                                                        : loaded 2 times (x 70B)
Class com.google.common.reflect.Invokable$ConstructorInvokable                        : loaded 2 times (x 107B)
Class com.google.common.collect.ImmutableMultimap$Keys                                : loaded 2 times (x 166B)
Class com.google.common.collect.Maps$EntryFunction$2                                  : loaded 2 times (x 91B)
Class com.google.common.primitives.IntsMethodsForWeb                                  : loaded 2 times (x 71B)
Class org.gradle.internal.classpath.DefaultClassPath$ImmutableUniqueList              : loaded 2 times (x 199B)
Class org.gradle.api.internal.ClassPathRegistry                                       : loaded 2 times (x 70B)
Class org.jetbrains.org.objectweb.asm.ByteVector                                      : loaded 2 times (x 78B)
Class com.google.common.reflect.Types$ClassOwnership$2                                : loaded 2 times (x 80B)
Class kotlin.jvm.functions.Function21                                                 : loaded 2 times (x 70B)
Class com.amazon.ion.impl.bin.IonManagedBinaryWriter$UserState                        : loaded 2 times (x 85B)
Class com.amazon.ion.impl._Private_IonWriter                                          : loaded 2 times (x 70B)
Class com.amazon.ion.impl.bin._Private_IonManagedBinaryWriterBuilder                  : loaded 2 times (x 72B)
Class com.intellij.gradle.toolingExtension.impl.model.projectModel.GradleExternalProjectSerializationService$WriteContext: loaded 2 times (x 73B)
Class org.jetbrains.plugins.gradle.model.ClasspathEntryModel                          : loaded 2 times (x 70B)
Class org.jetbrains.kotlin.idea.gradleTooling.KotlinDslScriptAdditionalTask           : loaded 2 times (x 70B)
Class jdk.internal.jimage.decompressor.ResourceDecompressor                           : loaded 2 times (x 70B)
Class kotlin.jvm.internal.TypeIntrinsics                                              : loaded 2 times (x 71B)
Class com.google.common.reflect.TypeToken                                             : loaded 2 times (x 73B)
Class com.google.common.collect.MapMakerInternalMap$Segment                           : loaded 2 times (x 142B)
Class org.jetbrains.kotlin.idea.gradleTooling.model.kapt.KaptGradleModel              : loaded 2 times (x 70B)
Class [Lorg.jetbrains.org.objectweb.asm.Attribute;                                    : loaded 2 times (x 69B)
Class com.google.gson.internal.bind.ArrayTypeAdapter$1                                : loaded 2 times (x 75B)
Class com.google.gson.internal.bind.JsonTreeWriter                                    : loaded 2 times (x 98B)
Class [Lcom.amazon.ion.SymbolToken;                                                   : loaded 2 times (x 69B)
Class io.opentelemetry.api.trace.ImmutableTraceFlags                                  : loaded 2 times (x 77B)
Class com.android.builder.model.v2.dsl.SigningConfig                                  : loaded 2 times (x 70B)
Class org.gradle.internal.service.UnknownServiceException                             : loaded 2 times (x 83B)
Class com.android.builder.model.v2.models.AndroidProject                              : loaded 2 times (x 70B)
Class com.android.builder.model.v2.AndroidModel                                       : loaded 2 times (x 70B)
Class kotlin.time.DurationUnit                                                        : loaded 2 times (x 79B)
Class com.google.common.cache.LocalCache$LocalLoadingCache                            : loaded 2 times (x 134B)
Class com.google.common.cache.RemovalCause                                            : loaded 2 times (x 80B)
Class com.google.common.io.ByteSink                                                   : loaded 2 times (x 76B)
Class com.google.common.cache.CacheBuilder                                            : loaded 2 times (x 72B)
Class Settings_gradle$1                                                               : loaded 2 times (x 74B)
Class org.gradle.internal.classpath.ClassPath                                         : loaded 2 times (x 70B)
Class org.jetbrains.plugins.gradle.model.ExternalProjectDependency                    : loaded 2 times (x 70B)
Class org.jetbrains.plugins.gradle.tooling.serialization.KotlinDslScriptsModelSerializationService: loaded 2 times (x 81B)
Class com.google.common.collect.Sets$3                                                : loaded 2 times (x 139B)
Class [Lorg.objectweb.asm.AnnotationVisitor;                                          : loaded 2 times (x 69B)
Class com.google.common.base.AbstractIterator$State                                   : loaded 2 times (x 79B)
Class kotlin.sequences.TakeWhileSequence$iterator$1                                   : loaded 2 times (x 79B)
Class [Lcom.google.common.reflect.Types$JavaVersion;                                  : loaded 2 times (x 69B)
Class com.google.common.collect.Interners$InternerBuilder                             : loaded 2 times (x 76B)
Class com.google.common.io.Files$FileByteSource                                       : loaded 2 times (x 85B)
Class com.google.common.base.JdkPattern                                               : loaded 2 times (x 75B)
Class org.jetbrains.kotlin.com.intellij.openapi.diagnostic.Logger                     : loaded 2 times (x 99B)
Class com.google.common.collect.MapMakerInternalMap$Strength$2                        : loaded 2 times (x 80B)
Class com.amazon.ion.system.IonSystemBuilder$Mutable                                  : loaded 2 times (x 75B)
Class com.amazon.ion.impl.bin.IonManagedBinaryWriter$SymbolResolverBuilder            : loaded 2 times (x 70B)
Class org.jetbrains.kotlin.idea.gradleTooling.KotlinGradleModel                       : loaded 2 times (x 70B)
Class [Lio.opentelemetry.api.trace.TraceFlags;                                        : loaded 2 times (x 69B)
Class [Lio.opentelemetry.context.ContextStorage;                                      : loaded 2 times (x 69B)
Class com.intellij.platform.diagnostic.telemetry.rt.context.TelemetryContext          : loaded 2 times (x 134B)
Class org.jetbrains.plugins.gradle.tooling.serialization.ExternalTestsSerializationService$WriteContext: loaded 2 times (x 72B)
Class kotlin.time.DurationUnitKt__DurationUnitKt                                      : loaded 2 times (x 71B)
Class [Lkotlin.reflect.KDeclarationContainer;                                         : loaded 2 times (x 69B)
Class kotlin.jvm.internal.Lambda                                                      : loaded 2 times (x 75B)
Class com.google.common.io.CharStreams$NullWriter                                     : loaded 2 times (x 99B)
Class org.objectweb.asm.SymbolTable$Entry                                             : loaded 2 times (x 74B)
Class org.gradle.api.internal.classpath.DefaultModuleRegistry$DefaultModuleAlias      : loaded 2 times (x 80B)
Class org.jetbrains.org.objectweb.asm.ClassWriter                                     : loaded 2 times (x 106B)
Class com.google.gson.internal.bind.ReflectiveTypeAdapterFactory                      : loaded 2 times (x 75B)
Class com.google.gson.internal.sql.SqlTimestampTypeAdapter                            : loaded 2 times (x 76B)
Class com.amazon.ion.impl.bin.IonManagedBinaryWriter$LocalSymbolTableView             : loaded 2 times (x 119B)
Class com.amazon.ion.impl.bin.IonRawBinaryWriter$ThrowingRunnable                     : loaded 2 times (x 70B)
Class io.opentelemetry.context.ThreadLocalContextStorage                              : loaded 2 times (x 85B)
Class com.google.common.reflect.Types$ClassOwnership$1                                : loaded 2 times (x 80B)
Class com.android.builder.model.v2.ide.Variant                                        : loaded 2 times (x 70B)
Class org.gradle.tooling.model.Model                                                  : loaded 2 times (x 70B)
Class jdk.internal.jimage.ImageStringsReader                                          : loaded 2 times (x 80B)
Class org.objectweb.asm.Edge                                                          : loaded 2 times (x 72B)
Class com.google.common.base.Suppliers$SupplierOfInstance                             : loaded 2 times (x 79B)
Class kotlin.jvm.functions.Function20                                                 : loaded 2 times (x 70B)
Class ijKotlinCoroutineJvmDebugInit1_48h3chjpoin0d8lt4tjr0rvjb                        : loaded 2 times (x 171B)
Class com.google.gson.internal.sql.SqlDateTypeAdapter$1                               : loaded 2 times (x 75B)
Class com.amazon.ion.UnknownSymbolException                                           : loaded 2 times (x 86B)
Class com.android.ide.gradle.model.composites.BuildMap                                : loaded 2 times (x 70B)
Class com.android.builder.model.v2.ide.SyncIssue                                      : loaded 2 times (x 70B)
Class com.android.ide.common.repository.AgpVersion$PreviewKind$WhenMappings           : loaded 2 times (x 71B)
Class com.amazon.ion.impl.lite.IonBoolLite                                            : loaded 2 times (x 179B)
Class kotlin.text.MatchResult$Destructured                                            : loaded 2 times (x 72B)
Class org.gradle.api.internal.ClassPathProvider                                       : loaded 2 times (x 70B)
Class kotlin.properties.Delegates                                                     : loaded 2 times (x 71B)
Class kotlin.collections.AbstractMutableSet                                           : loaded 2 times (x 142B)
Class com.google.devtools.ksp.processing.KSPJvmConfig                                 : loaded 2 times (x 72B)
Class com.google.common.reflect.TypeToken$1                                           : loaded 2 times (x 110B)
Class com.google.common.cache.LocalCache$ComputingValueReference                      : loaded 2 times (x 96B)
Class com.google.common.collect.ImmutableMap$IteratorBasedImmutableMap                : loaded 2 times (x 126B)
Class io.opentelemetry.context.Context                                                : loaded 2 times (x 70B)
Class org.jetbrains.plugins.gradle.model.IntelliJProjectSettings                      : loaded 2 times (x 70B)
Class com.android.builder.model.v2.ide.Library                                        : loaded 2 times (x 70B)
Class com.android.builder.model.v2.ide.ArtifactDependenciesAdjacencyList              : loaded 2 times (x 70B)
Class com.android.builder.model.v2.models.Versions                                    : loaded 2 times (x 70B)
Class org.gradle.tooling.internal.adapter.ProtocolToModelAdapter$MethodInvocationCache: loaded 2 times (x 73B)
Class jdk.internal.jimage.ImageReader                                                 : loaded 2 times (x 75B)
Class kotlin.reflect.KProperty$Getter                                                 : loaded 2 times (x 70B)
Class com.google.common.reflect.TypeToken$2                                           : loaded 2 times (x 110B)
Class com.google.common.collect.AbstractMapBasedMultimap$AsMap$AsMapEntries           : loaded 2 times (x 138B)
Class com.google.common.cache.LocalCache$Segment                                      : loaded 2 times (x 154B)
Class com.google.gson.internal.bind.ReflectiveTypeAdapterFactory$Adapter              : loaded 2 times (x 77B)
Class com.google.gson.internal.bind.TypeAdapters$10                                   : loaded 2 times (x 75B)
Class org.jetbrains.plugins.gradle.model.ExternalDependency                           : loaded 2 times (x 70B)
Class com.intellij.util.containers.IntObjectHashMap                                   : loaded 2 times (x 72B)
Class [Lorg.gradle.api.internal.ClassPathProvider;                                    : loaded 2 times (x 69B)
Class com.google.common.collect.SortedIterable                                        : loaded 2 times (x 70B)
Class com.android.builder.model.v2.models.ndk.NativeModule                            : loaded 2 times (x 70B)
Class jdk.internal.jimage.ImageReader$SharedImageReader                               : loaded 2 times (x 95B)
Class kotlin.time.DurationJvmKt                                                       : loaded 2 times (x 71B)
Class kotlin.SafePublicationLazyImpl                                                  : loaded 2 times (x 76B)
Class com.google.common.collect.AbstractListMultimap                                  : loaded 2 times (x 172B)
Class [Lorg.objectweb.asm.SymbolTable$Entry;                                          : loaded 2 times (x 69B)
Class com.google.common.cache.CacheLoader                                             : loaded 2 times (x 74B)
Class com.google.common.collect.ImmutableBiMap                                        : loaded 2 times (x 143B)
Class org.gradle.api.internal.classpath.ModuleRegistry                                : loaded 2 times (x 70B)
Class org.gradle.internal.installation.GradleInstallation$1                           : loaded 2 times (x 75B)
Class org.jetbrains.org.objectweb.asm.AnnotationVisitor                               : loaded 2 times (x 78B)
Class com.google.gson.internal.bind.TypeAdapters$11                                   : loaded 2 times (x 75B)
Class [Lcom.google.gson.FieldNamingPolicy;                                            : loaded 2 times (x 69B)
Class com.amazon.ion.impl.bin.IonManagedBinaryWriter$SymbolState$1                    : loaded 2 times (x 80B)
Class com.amazon.ion.impl.LocalSymbolTableAsStruct$Factory                            : loaded 2 times (x 79B)
Class [Lcom.amazon.ion.IonType;                                                       : loaded 2 times (x 69B)
Class org.jetbrains.plugins.gradle.model.VersionCatalogsModel                         : loaded 2 times (x 70B)
Class com.intellij.gradle.toolingExtension.impl.model.sourceSetDependencyModel.GradleSourceSetDependencySerialisationService$SourceSetDependencyModelReadContext: loaded 2 times (x 72B)
Class com.intellij.gradle.toolingExtension.impl.model.dependencyModel.DependencyReadContext: loaded 2 times (x 72B)
Class com.google.common.collect.Sets$2                                                : loaded 2 times (x 139B)
Class com.android.ide.common.repository.AgpVersion$PreviewKind$Companion              : loaded 2 times (x 71B)
Class org.gradle.tooling.internal.adapter.ObjectGraphAdapter                          : loaded 2 times (x 70B)
Class jdk.internal.jimage.decompressor.ResourceDecompressorFactory                    : loaded 2 times (x 74B)
Class com.google.devtools.ksp.processing.KSPLogger                                    : loaded 2 times (x 70B)
Class com.google.common.base.Splitter$SplittingIterator                               : loaded 2 times (x 84B)
Class com.google.common.collect.ImmutableSet$JdkBackedSetBuilderImpl                  : loaded 2 times (x 76B)
Class com.google.common.util.concurrent.internal.InternalFutureFailureAccess          : loaded 2 times (x 72B)
Class com.google.gson.internal.bind.TypeAdapters$12                                   : loaded 2 times (x 75B)
Class [Lcom.google.gson.ToNumberStrategy;                                             : loaded 2 times (x 69B)
Class org.jetbrains.plugins.gradle.model.ProjectImportModelProvider                   : loaded 2 times (x 70B)
Class org.jetbrains.plugins.gradle.model.ExternalSourceSet                            : loaded 2 times (x 70B)
Class com.amazon.ion.impl.bin.IonManagedBinaryWriter$SymbolState$2                    : loaded 2 times (x 80B)
Class com.amazon.ion.IonNull                                                          : loaded 2 times (x 70B)
Class com.intellij.gradle.toolingExtension.impl.model.warmUp.GradleTaskWarmUpRequest  : loaded 2 times (x 70B)
Class com.google.common.collect.Maps$ViewCachingAbstractMap                           : loaded 2 times (x 125B)
Class com.android.builder.model.v2.ide.Installation                                   : loaded 2 times (x 70B)
Class com.google.common.collect.ImmutableSortedAsList                                 : loaded 2 times (x 221B)
Class kotlin.text.RegexKt                                                             : loaded 2 times (x 71B)
Class [Lcom.google.common.base.Function;                                              : loaded 2 times (x 69B)
Class kotlin.time.Duration$Companion                                                  : loaded 2 times (x 71B)
Class com.google.common.collect.ImmutableMultimap$Values                              : loaded 2 times (x 126B)
Class com.google.common.collect.Iterators$6                                           : loaded 2 times (x 81B)
Class com.google.common.cache.LocalCache$LocalManualCache$1                           : loaded 2 times (x 75B)
Class com.google.common.collect.MapMakerInternalMap$Strength$1                        : loaded 2 times (x 80B)
Class org.gradle.tooling.ToolingModelContract                                         : loaded 2 times (x 70B)
Class com.google.gson.internal.bind.TypeAdapters$13                                   : loaded 2 times (x 75B)
Class com.amazon.ion.impl.bin.IonRawBinaryWriter$ContainerInfo                        : loaded 2 times (x 74B)
Class com.amazon.ion.impl.bin.IonManagedBinaryWriter$SymbolState$3                    : loaded 2 times (x 80B)
Class com.amazon.ion.impl.bin.IonRawBinaryWriter$StreamFlushMode                      : loaded 2 times (x 79B)
Class com.amazon.ion.IonBinaryWriter                                                  : loaded 2 times (x 70B)
Class com.intellij.gradle.toolingExtension.impl.model.sourceSetArtifactIndex.GradleSourceSetArtifactBuildRequest: loaded 2 times (x 70B)
Class com.android.builder.model.v2.models.BasicAndroidProject                         : loaded 2 times (x 70B)
Class kotlin.text.MatchResult                                                         : loaded 2 times (x 70B)
Class com.android.builder.model.v2.models.ModelBuilderParameter                       : loaded 2 times (x 70B)
Class com.google.common.collect.Lists$TransformingRandomAccessList                    : loaded 2 times (x 199B)
Class jdk.internal.jimage.ImageReader$Node                                            : loaded 2 times (x 84B)
Class org.gradle.api.internal.classpath.DefaultModuleRegistry                         : loaded 2 times (x 84B)
Class org.jetbrains.org.objectweb.asm.AnnotationWriter                                : loaded 2 times (x 79B)
Class com.google.common.collect.NaturalOrdering                                       : loaded 2 times (x 115B)
Class com.amazon.ion.SymbolToken                                                      : loaded 2 times (x 70B)
Class org.jetbrains.kotlin.build.report.metrics.GradleBuildTime$Companion             : loaded 2 times (x 71B)
Class com.google.gson.internal.bind.NumberTypeAdapter$1                               : loaded 2 times (x 76B)
Class com.google.gson.internal.bind.TypeAdapters$1                                    : loaded 2 times (x 75B)
Class com.google.gson.internal.bind.TypeAdapters$14                                   : loaded 2 times (x 75B)
Class com.amazon.ion.impl.bin.IonManagedBinaryWriter$SymbolState$4                    : loaded 2 times (x 80B)
Class [Lcom.amazon.ion.util.InputStreamInterceptor;                                   : loaded 2 times (x 69B)
Class org.jetbrains.plugins.gradle.tooling.serialization.internal.IdeaProjectSerializationService$WriteContext$1: loaded 2 times (x 83B)
Class org.jetbrains.plugins.gradle.model.ExternalProject                              : loaded 2 times (x 70B)
Class com.amazon.ion.impl.bin.IonRawBinaryWriter                                      : loaded 2 times (x 168B)
Class com.amazon.ion.impl.SharedSymbolTable                                           : loaded 2 times (x 93B)
Class jdk.internal.jimage.BasicImageReader$1                                          : loaded 2 times (x 77B)
Class kotlin.collections.IndexedValue                                                 : loaded 2 times (x 72B)
Class kotlin.KotlinVersionCurrentValue                                                : loaded 2 times (x 71B)
Class kotlin.collections.builders.MapBuilder$Itr                                      : loaded 2 times (x 72B)
Class com.google.common.util.concurrent.ListenableFuture                              : loaded 2 times (x 70B)
Class com.google.common.cache.ReferenceEntry                                          : loaded 2 times (x 70B)
Class com.google.common.base.Converter                                                : loaded 2 times (x 90B)
Class org.jetbrains.kotlin.com.intellij.openapi.diagnostic.Logger$DefaultFactory      : loaded 2 times (x 74B)
Class com.google.gson.FieldNamingStrategy                                             : loaded 2 times (x 70B)
Class com.google.gson.Strictness                                                      : loaded 2 times (x 79B)
Class com.google.gson.internal.bind.TypeAdapters$2                                    : loaded 2 times (x 75B)
Class com.google.gson.internal.bind.TypeAdapters$15                                   : loaded 2 times (x 75B)
Class com.google.gson.internal.sql.SqlTypesSupport$1                                  : loaded 2 times (x 74B)
Class com.amazon.ion.impl.bin.utf8.Pool                                               : loaded 2 times (x 74B)
Class org.jetbrains.plugins.gradle.tooling.serialization.internal.IdeaProjectSerializationService$WriteContext$2: loaded 2 times (x 83B)
Class com.google.gson.JsonArray                                                       : loaded 2 times (x 100B)
Class [Lcom.android.builder.model.v2.ide.CodeShrinker;                                : loaded 2 times (x 69B)
Class org.gradle.api.internal.DefaultClassPathProvider                                : loaded 2 times (x 76B)
Class kotlin.jvm.internal.markers.KMutableSet                                         : loaded 2 times (x 70B)
Class com.google.common.collect.AbstractMapBasedMultimap                              : loaded 2 times (x 139B)
Class com.google.common.util.concurrent.AbstractFuture                                : loaded 2 times (x 106B)
Class com.google.common.base.FunctionalEquivalence                                    : loaded 2 times (x 83B)
Class org.objectweb.asm.AnnotationVisitor                                             : loaded 2 times (x 78B)
Class com.google.gson.internal.bind.TypeAdapters$16                                   : loaded 2 times (x 75B)
Class com.google.gson.internal.bind.TypeAdapters$3                                    : loaded 2 times (x 75B)
Class com.google.gson.internal.sql.SqlTypesSupport$2                                  : loaded 2 times (x 74B)
Class com.amazon.ion.impl._Private_IonSymbol                                          : loaded 2 times (x 70B)
Class com.amazon.ion.impl.lite.IonValueLite                                           : loaded 2 times (x 148B)
Class com.amazon.ion.IonContainer                                                     : loaded 2 times (x 70B)
Class com.amazon.ion.impl.bin.PooledBlockAllocatorProvider                            : loaded 2 times (x 73B)
Class [Lio.opentelemetry.context.Scope;                                               : loaded 2 times (x 69B)
Class org.jetbrains.plugins.gradle.tooling.serialization.AnnotationProcessingModelSerializationService$ReadContext: loaded 2 times (x 72B)
Class org.jetbrains.plugins.gradle.tooling.serialization.internal.IdeaProjectSerializationService$WriteContext$3: loaded 2 times (x 83B)
Class gnu.trove.TObjectHash$NULL                                                      : loaded 2 times (x 71B)
Class org.gradle.util.internal.DefaultGradleVersion$Stage                             : loaded 2 times (x 75B)
Class com.google.common.collect.Sets$1                                                : loaded 2 times (x 139B)
Class kotlin.coroutines.CoroutineContext$Key                                          : loaded 2 times (x 70B)
Class com.google.common.reflect.TypeResolver$TypeTable                                : loaded 2 times (x 73B)
Class com.google.common.io.CharStreams                                                : loaded 2 times (x 71B)
Class com.google.common.collect.ImmutableMultiset                                     : loaded 2 times (x 163B)
Class org.objectweb.asm.RecordComponentVisitor                                        : loaded 2 times (x 77B)
Class com.google.common.cache.CacheLoader$SupplierToCacheLoader                       : loaded 2 times (x 75B)
Class com.google.common.collect.ImmutableSet$SerializedForm                           : loaded 2 times (x 73B)
Class com.google.common.base.Splitter                                                 : loaded 2 times (x 72B)
Class com.google.gson.internal.bind.TypeAdapters$17                                   : loaded 2 times (x 75B)
Class com.google.gson.internal.bind.TypeAdapters$4                                    : loaded 2 times (x 75B)
Class org.jetbrains.kotlin.idea.gradleTooling.AndroidAwareGradleModelProvider         : loaded 2 times (x 79B)
Class com.intellij.gradle.toolingExtension.impl.telemetry.GradleOpenTelemetry         : loaded 2 times (x 72B)
Class org.jetbrains.plugins.gradle.tooling.serialization.internal.IdeaProjectSerializationService$WriteContext$4: loaded 2 times (x 83B)
Class com.intellij.gradle.toolingExtension.impl.model.sourceSetDependencyModel.GradleSourceSetDependencySerialisationService$Companion: loaded 2 times (x 71B)
Class com.google.common.collect.Iterators$EmptyModifiableIterator                     : loaded 2 times (x 86B)
Class com.google.common.collect.UsingToStringOrdering                                 : loaded 2 times (x 114B)
Class kotlin.text.MatchNamedGroupCollection                                           : loaded 2 times (x 70B)
Class kotlin.jvm.internal.AdaptedFunctionReference                                    : loaded 2 times (x 77B)
Class org.gradle.internal.time.MonotonicClock                                         : loaded 2 times (x 77B)
Class jdk.internal.jimage.decompressor.Decompressor                                   : loaded 2 times (x 72B)
Class com.google.common.reflect.TypeResolver$TypeTable$1                              : loaded 2 times (x 73B)
Class com.google.common.collect.Maps$EntryTransformer                                 : loaded 2 times (x 70B)
Class org.gradle.internal.service.ServiceLookupException                              : loaded 2 times (x 82B)
Class org.jetbrains.kotlin.com.intellij.openapi.diagnostic.LogLevel                   : loaded 2 times (x 79B)
Class com.google.gson.annotations.JsonAdapter                                         : loaded 2 times (x 70B)
Class com.google.gson.internal.bind.SerializationDelegatingTypeAdapter                : loaded 2 times (x 74B)
Class com.google.gson.internal.bind.TypeAdapters$18                                   : loaded 2 times (x 75B)
Class com.google.gson.internal.bind.TypeAdapters$5                                    : loaded 2 times (x 75B)
Class com.amazon.ion.BufferConfiguration$Builder                                      : loaded 2 times (x 78B)
Class com.intellij.gradle.toolingExtension.util.GradleVersionSpecificsUtil            : loaded 2 times (x 71B)
Class io.opentelemetry.context.ContextStorage                                         : loaded 2 times (x 70B)
Class org.jetbrains.plugins.gradle.tooling.serialization.internal.IdeaProjectSerializationService$WriteContext$5: loaded 2 times (x 83B)
Class com.intellij.gradle.toolingExtension.impl.model.sourceSetDependencyModel.GradleSourceSetDependencySerialisationService$SourceSetDependencyModelWriteContext: loaded 2 times (x 72B)
Class kotlin.sequences.SequencesKt___SequencesKt$sortedWith$1                         : loaded 2 times (x 75B)
Class com.google.common.collect.Lists$ReverseList                                     : loaded 2 times (x 200B)
Class com.google.common.collect.ImmutableSortedSet                                    : loaded 2 times (x 300B)
Class [Lkotlin.sequences.Sequence;                                                    : loaded 2 times (x 69B)
Class kotlin.jvm.internal.MutablePropertyReference1Impl                               : loaded 2 times (x 137B)
Class [Lcom.google.common.cache.LocalCache$EntryFactory;                              : loaded 2 times (x 69B)
Class org.gradle.internal.classloader.ClassLoaderFactory                              : loaded 2 times (x 70B)
Class com.google.gson.internal.bind.ReflectiveTypeAdapterFactory$FieldReflectionAdapter: loaded 2 times (x 77B)
Class com.google.gson.internal.bind.TypeAdapters$19                                   : loaded 2 times (x 75B)
Class com.google.gson.internal.bind.TypeAdapters$6                                    : loaded 2 times (x 75B)
Class com.amazon.ion.impl.bin.IntList                                                 : loaded 2 times (x 77B)
Class com.amazon.ion.impl.lite._Private_LiteDomTrampoline                             : loaded 2 times (x 71B)
Class com.amazon.ion.IonType                                                          : loaded 2 times (x 79B)
Class org.jetbrains.plugins.gradle.tooling.serialization.internal.IdeaProjectSerializationService$WriteContext$6: loaded 2 times (x 83B)
Class org.jetbrains.plugins.gradle.tooling.util.IntObjectMap                          : loaded 2 times (x 73B)
Class [Lkotlin.reflect.KCallable;                                                     : loaded 2 times (x 69B)
Class com.android.builder.model.v2.ide.LibraryInfo                                    : loaded 2 times (x 70B)
Class com.google.common.collect.ImmutableMap$SerializedForm                           : loaded 2 times (x 73B)
Class com.google.common.base.CommonPattern                                            : loaded 2 times (x 74B)
Class com.google.common.cache.LocalCache$LocalManualCache                             : loaded 2 times (x 99B)
Class org.gradle.internal.service.CachingServiceLocator                               : loaded 2 times (x 82B)
Class kotlin.reflect.KProperty$Accessor                                               : loaded 2 times (x 70B)
Class com.google.gson.internal.bind.TypeAdapters$7                                    : loaded 2 times (x 75B)
Class com.amazon.ion.impl.lite.ValueFactoryLite                                       : loaded 2 times (x 218B)
Class org.jetbrains.plugins.gradle.model.RepositoryModels                             : loaded 2 times (x 70B)
Class org.jetbrains.plugins.gradle.tooling.serialization.internal.IdeaProjectSerializationService$WriteContext$7: loaded 2 times (x 83B)
Class com.google.common.collect.RegularImmutableSortedSet                             : loaded 2 times (x 300B)
Class kotlin.collections.AbstractList$SubList                                         : loaded 2 times (x 198B)
Class kotlin.jvm.internal.ArrayIteratorKt                                             : loaded 2 times (x 71B)
Class kotlin.collections.AbstractList$IteratorImpl                                    : loaded 2 times (x 82B)
Class com.google.common.collect.Streams                                               : loaded 2 times (x 71B)
Class com.google.common.collect.AbstractMapBasedMultimap$KeySet                       : loaded 2 times (x 137B)
Class com.google.common.math.IntMath                                                  : loaded 2 times (x 71B)
Class org.jetbrains.kotlin.build.report.metrics.BuildTime                             : loaded 2 times (x 70B)
Class com.google.gson.internal.bind.CollectionTypeAdapterFactory$Adapter              : loaded 2 times (x 74B)
Class com.google.gson.internal.bind.TypeAdapters$8                                    : loaded 2 times (x 75B)
Class com.amazon.ion.impl.bin.WriteBuffer                                             : loaded 2 times (x 78B)
Class com.amazon.ion.impl.bin.IonManagedBinaryWriter                                  : loaded 2 times (x 165B)
Class org.jetbrains.plugins.gradle.tooling.serialization.internal.IdeaProjectSerializationService$WriteContext$8: loaded 2 times (x 83B)
Class gnu.trove.TObjectIntProcedure                                                   : loaded 2 times (x 70B)
Class [Lorg.gradle.api.JavaVersion;                                                   : loaded 2 times (x 69B)
Class com.google.common.collect.ComparatorOrdering                                    : loaded 2 times (x 115B)
Class org.gradle.tooling.model.idea.IdeaDependencyScope                               : loaded 2 times (x 70B)
Class org.gradle.internal.time.TimeSource                                             : loaded 2 times (x 70B)
Class org.gradle.tooling.model.kotlin.dsl.KotlinDslScriptsModel                       : loaded 2 times (x 70B)
Class kotlin.properties.ReadOnlyProperty                                              : loaded 2 times (x 70B)
Class kotlin.jvm.internal.markers.KMutableMap                                         : loaded 2 times (x 70B)
Class com.google.common.reflect.Types$TypeVariableInvocationHandler                   : loaded 2 times (x 75B)
Class com.google.common.collect.MapMakerInternalMap$InternalEntry                     : loaded 2 times (x 70B)
Class com.google.common.collect.ImmutableMapEntry                                     : loaded 2 times (x 85B)
Class com.android.ide.common.gradle.Numeric                                           : loaded 2 times (x 77B)
Class org.jetbrains.kotlin.build.report.metrics.DoNothingBuildMetricsReporter         : loaded 2 times (x 86B)
Class com.google.gson.internal.bind.TypeAdapters$9                                    : loaded 2 times (x 75B)
Class com.amazon.ion.impl.lite.IonBlobLite                                            : loaded 2 times (x 220B)
Class com.amazon.ion.impl.LocalSymbolTable                                            : loaded 2 times (x 127B)
Class org.jetbrains.plugins.gradle.tooling.serialization.SerializationService         : loaded 2 times (x 70B)
Class com.android.builder.model.v2.ide.TestInfo                                       : loaded 2 times (x 70B)
Class com.intellij.gradle.toolingExtension.impl.model.buildScriptClasspathModel.GradleBuildScriptClasspathSerializationService$ReadContext: loaded 2 times (x 72B)
Class org.gradle.tooling.internal.gradle.GradleBuildIdentity                          : loaded 2 times (x 70B)
Class com.google.common.collect.ImmutableMultimap                                     : loaded 2 times (x 147B)
Class com.google.common.base.Predicates                                               : loaded 2 times (x 71B)
Class com.google.common.base.Equivalence                                              : loaded 2 times (x 82B)
Class com.google.common.collect.ImmutableMapEntry$NonTerminalImmutableMapEntry        : loaded 2 times (x 85B)
Class com.google.gson.JsonParseException                                              : loaded 2 times (x 82B)
Class com.amazon.ion.IonList                                                          : loaded 2 times (x 70B)
Class org.jetbrains.plugins.gradle.tooling.serialization.internal.adapter.Supplier    : loaded 2 times (x 70B)
Class com.android.builder.model.v2.ide.JavaCompileOptions                             : loaded 2 times (x 70B)
Class com.amazon.ion.impl._Private_IonContainer                                       : loaded 2 times (x 70B)
Class org.gradle.tooling.internal.adapter.ProtocolToModelAdapter$MixInMappingAction   : loaded 2 times (x 80B)
Class org.gradle.internal.exceptions.ResolutionProvider                               : loaded 2 times (x 70B)
Class kotlin.jvm.internal.markers.KMutableListIterator                                : loaded 2 times (x 70B)
Class com.google.common.collect.IndexedImmutableSet$1                                 : loaded 2 times (x 213B)
Class com.google.common.cache.CacheBuilder$OneWeigher                                 : loaded 2 times (x 82B)
Class org.jetbrains.kotlin.com.intellij.openapi.diagnostic.Logger$Factory             : loaded 2 times (x 70B)
Class com.amazon.ion.IonSystem                                                        : loaded 2 times (x 70B)
Class com.amazon.ion.impl.bin.IonManagedBinaryWriter$ImportedSymbolContext            : loaded 2 times (x 72B)
Class kotlin.text.MatchResult$DefaultImpls                                            : loaded 2 times (x 71B)
Class org.gradle.tooling.model.idea.IdeaCompilerOutput                                : loaded 2 times (x 70B)
Class org.gradle.tooling.model.ProjectIdentifier                                      : loaded 2 times (x 70B)
Class jdk.internal.jimage.ImageBufferCache                                            : loaded 2 times (x 71B)
Class jdk.internal.jrtfs.JrtPath                                                      : loaded 2 times (x 118B)
Class com.google.common.reflect.Types$ClassOwnership$1LocalClass                      : loaded 2 times (x 71B)
Class com.google.common.collect.Maps$EntryFunction                                    : loaded 2 times (x 91B)
Class org.gradle.internal.classloader.ClasspathUtil                                   : loaded 2 times (x 71B)
Class com.google.gson.FieldNamingPolicy                                               : loaded 2 times (x 85B)
Class com.intellij.gradle.toolingExtension.impl.model.sourceSetModel.GradleSourceSetSerialisationService: loaded 2 times (x 77B)
Class com.android.builder.model.v2.ide.ComponentInfo                                  : loaded 2 times (x 70B)
Class com.android.builder.model.v2.ide.ProjectType                                    : loaded 2 times (x 79B)
Class org.jetbrains.kotlin.tooling.core.HasExtras                                     : loaded 2 times (x 70B)
Class kotlin.jvm.internal.PropertyReference0                                          : loaded 2 times (x 127B)
Class kotlin.sequences.EmptySequence                                                  : loaded 2 times (x 78B)
Class com.google.common.util.concurrent.Uninterruptibles                              : loaded 2 times (x 71B)
Class org.jetbrains.org.objectweb.asm.ModuleVisitor                                   : loaded 2 times (x 81B)
Class com.amazon.ion.impl.lite.IonIntLite                                             : loaded 2 times (x 190B)
Class com.amazon.ion.impl._Private_IonReaderBuilder$TwoElementInputStream             : loaded 2 times (x 92B)
Class com.amazon.ion.util._Private_FastAppendable                                     : loaded 2 times (x 70B)
Class [Lcom.amazon.ion.impl.bin.IonRawBinaryWriter$PreallocationMode;                 : loaded 2 times (x 69B)
Class io.opentelemetry.context.propagation.TextMapGetter                              : loaded 2 times (x 70B)
Class com.android.builder.model.v2.dsl.BaseConfig                                     : loaded 2 times (x 70B)
Class org.gradle.internal.time.TimeSource$1                                           : loaded 2 times (x 77B)
Class com.google.gson.FormattingStyle                                                 : loaded 2 times (x 78B)
Class kotlin.sequences.DistinctSequence                                               : loaded 2 times (x 75B)
Class kotlin.jvm.internal.PropertyReference1                                          : loaded 2 times (x 127B)
Class com.google.common.collect.AbstractMapBasedMultimap$WrappedSet                   : loaded 2 times (x 142B)
Class com.google.common.util.concurrent.LazyLogger                                    : loaded 2 times (x 72B)
Class com.google.common.collect.Maps                                                  : loaded 2 times (x 71B)
Class org.gradle.api.specs.Spec                                                       : loaded 2 times (x 70B)
Class com.google.gson.internal.sql.SqlDateTypeAdapter                                 : loaded 2 times (x 74B)
Class com.amazon.ion.impl.lite.IonSexpLite                                            : loaded 2 times (x 491B)
Class com.amazon.ion.impl.lite.IonListLite                                            : loaded 2 times (x 491B)
Class com.amazon.ion.IonFloat                                                         : loaded 2 times (x 70B)
Class io.opentelemetry.context.ThreadLocalContextStorage$ScopeImpl                    : loaded 2 times (x 79B)
Class kotlin.jvm.internal.MutablePropertyReference                                    : loaded 2 times (x 119B)
Class kotlin.UnsafeLazyImpl                                                           : loaded 2 times (x 76B)
Class kotlin.LazyKt__LazyJVMKt$WhenMappings                                           : loaded 2 times (x 71B)
Class com.google.common.reflect.Types$JavaVersion                                     : loaded 2 times (x 83B)
Class com.google.common.collect.MapMaker                                              : loaded 2 times (x 72B)
Class [Lcom.google.common.collect.ImmutableEntry;                                     : loaded 2 times (x 69B)
Class org.jetbrains.org.objectweb.asm.Symbol                                          : loaded 2 times (x 73B)
Class com.amazon.ion.impl.LocalSymbolTable$Factory                                    : loaded 2 times (x 77B)
Class com.amazon.ion.impl.bin.IonManagedBinaryWriter$ImportedSymbolResolverMode       : loaded 2 times (x 80B)
Class com.intellij.gradle.toolingExtension.impl.model.buildScriptClasspathModel.GradleBuildScriptClasspathSerializationService: loaded 2 times (x 77B)
Class kotlin.jvm.internal.ArrayIterator                                               : loaded 2 times (x 79B)
Class kotlin.LazyThreadSafetyMode                                                     : loaded 2 times (x 79B)
Class com.google.common.cache.LocalCache$LoadingValueReference                        : loaded 2 times (x 96B)
Class com.google.gson.internal.bind.TypeAdapters                                      : loaded 2 times (x 71B)
Class com.google.common.collect.ImmutableEnumMap                                      : loaded 2 times (x 126B)
Class com.google.gson.internal.bind.ReflectiveTypeAdapterFactory$RecordAdapter        : loaded 2 times (x 77B)
Class com.amazon.ion.impl.LocalSymbolTableAsStruct                                    : loaded 2 times (x 132B)
Class com.amazon.ion.impl.lite.IonTimestampLite                                       : loaded 2 times (x 193B)
Class org.jetbrains.plugins.gradle.model.FileCollectionDependency                     : loaded 2 times (x 70B)
Class io.opentelemetry.api.trace.SpanBuilder                                          : loaded 2 times (x 70B)
Class io.opentelemetry.api.DefaultOpenTelemetry                                       : loaded 2 times (x 89B)
Class com.intellij.gradle.toolingExtension.impl.model.utilDummyModel.DummyModel       : loaded 2 times (x 70B)
Class com.google.common.collect.ListMultimap                                          : loaded 2 times (x 70B)
Class org.gradle.internal.time.Clock                                                  : loaded 2 times (x 70B)
Class jdk.internal.jimage.decompressor.ResourceDecompressorRepository                 : loaded 2 times (x 71B)
Class kotlin.jvm.internal.SpreadBuilder                                               : loaded 2 times (x 76B)
Class com.google.common.reflect.Invokable$MethodInvokable                             : loaded 2 times (x 107B)
Class com.google.common.io.LineReader$1                                               : loaded 2 times (x 75B)
Class com.google.common.collect.AbstractMapBasedMultimap$AsMap                        : loaded 2 times (x 128B)
Class com.google.common.collect.MapMakerInternalMap$StrongKeyDummyValueEntry          : loaded 2 times (x 82B)
Class com.google.common.collect.CollectSpliterators                                   : loaded 2 times (x 71B)
Class com.google.common.base.Platform                                                 : loaded 2 times (x 71B)
Class com.google.common.collect.CollectSpliterators$1WithCharacteristics              : loaded 2 times (x 90B)
Class kotlin.coroutines.ContinuationInterceptor                                       : loaded 2 times (x 70B)
Class org.gradle.tooling.internal.gradle.DefaultProjectIdentifier                     : loaded 2 times (x 86B)
Class com.google.gson.internal.reflect.ReflectionHelper$RecordNotSupportedHelper      : loaded 2 times (x 78B)
Class com.google.gson.JsonIOException                                                 : loaded 2 times (x 82B)
Class com.amazon.ion.IonString                                                        : loaded 2 times (x 70B)
Class io.opentelemetry.context.propagation.TextMapPropagator                          : loaded 2 times (x 70B)
Class org.jetbrains.plugins.gradle.model.GradleSourceSetDependencyModel               : loaded 2 times (x 70B)
Class [Lcom.android.builder.model.v2.ide.TestInfo$Execution;                          : loaded 2 times (x 69B)
Class com.android.builder.model.v2.models.AndroidDsl                                  : loaded 2 times (x 70B)
Class com.android.builder.model.v2.dsl.ProductFlavor                                  : loaded 2 times (x 70B)
Class com.google.common.collect.CompoundOrdering                                      : loaded 2 times (x 115B)
Class com.google.common.collect.ImmutableRangeSet                                     : loaded 2 times (x 115B)
Class org.gradle.tooling.internal.adapter.TypeInspector                               : loaded 2 times (x 73B)
Class org.gradle.tooling.internal.adapter.ProtocolToModelAdapter$NoOpDecoration       : loaded 2 times (x 79B)
Class org.gradle.tooling.model.Element                                                : loaded 2 times (x 70B)
Class jdk.internal.jimage.ImageReader$Directory                                       : loaded 2 times (x 84B)
Class com.google.devtools.ksp.processing.KspGradleLogger$Companion                    : loaded 2 times (x 71B)
Class com.google.common.collect.AbstractMapBasedMultimap$WrappedList                  : loaded 2 times (x 205B)
Class [Lorg.objectweb.asm.AnnotationWriter;                                           : loaded 2 times (x 69B)
Class com.google.common.collect.Maps$8                                                : loaded 2 times (x 82B)
Class com.amazon.ion.IonWriter                                                        : loaded 2 times (x 70B)
Class com.amazon.ion.impl.bin._Private_IonRawWriter                                   : loaded 2 times (x 70B)
Class com.amazon.ion.BufferConfiguration                                              : loaded 2 times (x 72B)
Class com.amazon.ion.system.SimpleCatalog                                             : loaded 2 times (x 91B)
Class io.opentelemetry.context.ArrayBasedContext                                      : loaded 2 times (x 100B)
Class com.intellij.gradle.toolingExtension.impl.model.taskModel.GradleTaskSerialisationService: loaded 2 times (x 76B)
Class com.android.ide.gradle.model.LegacyV1AgpVersionModel                            : loaded 2 times (x 70B)
Class com.google.common.collect.Lists$ReverseList$1                                   : loaded 2 times (x 99B)
Class com.google.common.collect.ImmutableRangeSet$Builder                             : loaded 2 times (x 77B)
Class com.amazon.ion.impl.bin.IonRawBinaryWriter$PreallocationMode                    : loaded 2 times (x 82B)
Class com.amazon.ion.util.InputStreamInterceptor                                      : loaded 2 times (x 70B)
Class com.amazon.ion.impl.lite.IonSystemLite                                          : loaded 2 times (x 275B)
Class org.jetbrains.kotlin.tooling.core.Extras                                        : loaded 2 times (x 70B)
Class kotlin.collections.ArrayAsCollection                                            : loaded 2 times (x 105B)
Class [Lcom.google.common.collect.Iterators$EmptyModifiableIterator;                  : loaded 2 times (x 69B)
Class com.google.common.base.Predicates$CompositionPredicate                          : loaded 2 times (x 88B)
Class com.google.common.collect.Sets$SetView                                          : loaded 2 times (x 138B)
Class com.google.common.cache.LocalCache$StrongValueReference                         : loaded 2 times (x 90B)
Class [Lcom.google.common.collect.ImmutableMapEntry;                                  : loaded 2 times (x 69B)
Class com.google.gson.LongSerializationPolicy$1                                       : loaded 2 times (x 80B)
Class org.jetbrains.plugins.gradle.tooling.util.IntObjectMap$1                        : loaded 2 times (x 77B)
Class org.gradle.tooling.model.internal.ImmutableDomainObjectSet                      : loaded 2 times (x 155B)
Class kotlin.jvm.internal.Ref$ObjectRef                                               : loaded 2 times (x 72B)
Class kotlin.jvm.internal.ReflectionFactory                                           : loaded 2 times (x 91B)
Class com.google.common.graph.SuccessorsFunction                                      : loaded 2 times (x 70B)
Class org.objectweb.asm.Type                                                          : loaded 2 times (x 72B)
Class org.gradle.internal.classloader.VisitableURLClassLoader$InstrumentingVisitableURLClassLoader: loaded 2 times (x 123B)
Class kotlin.io.FileTreeWalk$FileTreeWalkIterator                                     : loaded 2 times (x 83B)
Class [Lcom.android.ide.common.repository.AgpVersion$PreviewKind;                     : loaded 2 times (x 69B)
Class com.google.common.collect.Ordering                                              : loaded 2 times (x 114B)
Class org.jetbrains.plugins.gradle.tooling.serialization.internal.IdeaProjectSerializationService: loaded 2 times (x 77B)
Class com.google.gson.LongSerializationPolicy$2                                       : loaded 2 times (x 80B)
Class [Lcom.amazon.ion.impl.bin.IonRawBinaryWriter$StreamFlushMode;                   : loaded 2 times (x 69B)
Class com.amazon.ion.UnsupportedIonVersionException                                   : loaded 2 times (x 85B)
Class io.opentelemetry.api.trace.SpanId                                               : loaded 2 times (x 71B)
Class [Lcom.android.builder.model.v2.ide.AndroidGradlePluginProjectFlags$BooleanFlag; : loaded 2 times (x 69B)
Class com.android.builder.model.v2.ide.AndroidGradlePluginProjectFlags                : loaded 2 times (x 70B)
Class com.android.builder.model.v2.ide.BasicVariant                                   : loaded 2 times (x 70B)
Class com.google.gson.internal.bind.ObjectTypeAdapter                                 : loaded 2 times (x 74B)
Class kotlin.collections.ReversedListReadOnly$listIterator$1                          : loaded 2 times (x 90B)
Class kotlin.jvm.internal.ClassBasedDeclarationContainer                              : loaded 2 times (x 70B)
Class com.google.common.collect.MapMakerInternalMap$StrongKeyDummyValueEntry$Helper   : loaded 2 times (x 79B)
Class com.google.common.io.Files$FileByteSink                                         : loaded 2 times (x 77B)
Class com.google.common.math.IntMath$1                                                : loaded 2 times (x 71B)
Class org.objectweb.asm.ByteVector                                                    : loaded 2 times (x 79B)
Class [Lcom.google.common.cache.CacheBuilder$NullListener;                            : loaded 2 times (x 69B)
Class org.gradle.internal.classloader.VisitableURLClassLoader$Spec                    : loaded 2 times (x 74B)
Class org.gradle.internal.classpath.DefaultClassPath                                  : loaded 2 times (x 90B)
Class org.jetbrains.kotlin.idea.projectModel.KotlinTaskProperties                     : loaded 2 times (x 70B)
Class org.jetbrains.org.objectweb.asm.ClassReader                                     : loaded 2 times (x 92B)
Class [Lcom.google.common.collect.AbstractIterator$State;                             : loaded 2 times (x 69B)
Class [Lorg.jetbrains.kotlin.build.report.metrics.GradleBuildTime;                    : loaded 2 times (x 69B)
Class com.amazon.ion.impl.bin.IonManagedBinaryWriter$SymbolState                      : loaded 2 times (x 80B)
Class com.amazon.ion.IonStruct                                                        : loaded 2 times (x 70B)
Class org.jetbrains.plugins.gradle.model.GradleBuildScriptClasspathModel              : loaded 2 times (x 70B)
Class com.google.common.base.CharMatcher$None                                         : loaded 2 times (x 112B)
Class com.android.builder.model.v2.ide.BundleInfo                                     : loaded 2 times (x 70B)
Class com.android.builder.model.v2.ide.SourceProvider                                 : loaded 2 times (x 70B)
Class kotlin.KotlinVersion$Companion                                                  : loaded 2 times (x 71B)
Class kotlin.jvm.internal.FloatCompanionObject                                        : loaded 2 times (x 71B)
Class org.gradle.util.internal.DefaultGradleVersion                                   : loaded 2 times (x 82B)
Class jdk.internal.jimage.decompressor.ZipDecompressorFactory                         : loaded 2 times (x 74B)
Class com.google.devtools.ksp.processing.KspGradleLogger                              : loaded 2 times (x 79B)
Class com.google.common.reflect.Types$ClassOwnership                                  : loaded 2 times (x 80B)
Class com.google.common.base.AbstractIterator                                         : loaded 2 times (x 80B)
Class org.objectweb.asm.Symbol                                                        : loaded 2 times (x 73B)
Class com.google.gson.reflect.TypeToken                                               : loaded 2 times (x 75B)
Class [Lcom.google.gson.Strictness;                                                   : loaded 2 times (x 69B)
Class [Lio.opentelemetry.context.ThreadLocalContextStorage;                           : loaded 2 times (x 69B)
Class kotlin.sequences.SequencesKt___SequencesKt$flatMap$1                            : loaded 2 times (x 125B)
Class kotlin.text.MatcherMatchResult$groupValues$1                                    : loaded 2 times (x 198B)
Class kotlin.reflect.KType                                                            : loaded 2 times (x 70B)
Class com.google.common.io.Java8Compatibility                                         : loaded 2 times (x 71B)
Class com.google.common.collect.Sets$FilteredSet                                      : loaded 2 times (x 137B)
Class com.google.common.io.Closer                                                     : loaded 2 times (x 78B)
Class com.google.common.collect.RegularImmutableMap$Values                            : loaded 2 times (x 207B)
Class org.gradle.internal.classloader.ClassLoaderSpec                                 : loaded 2 times (x 71B)
Class com.google.common.collect.ReverseNaturalOrdering                                : loaded 2 times (x 114B)
Class com.google.gson.internal.sql.SqlTimestampTypeAdapter$1                          : loaded 2 times (x 75B)
Class com.google.gson.JsonPrimitive                                                   : loaded 2 times (x 93B)
Class com.amazon.ion.impl.IonWriterSystemTextMarkup                                   : loaded 2 times (x 192B)
Class com.amazon.ion.impl.bin.BlockAllocator                                          : loaded 2 times (x 80B)
Class io.opentelemetry.context.Scope                                                  : loaded 2 times (x 70B)
Class kotlin.collections.ReversedListReadOnly                                         : loaded 2 times (x 198B)
Class kotlin.text.DelimitedRangesSequence                                             : loaded 2 times (x 75B)
Class org.objectweb.asm.AnnotationWriter                                              : loaded 2 times (x 79B)
Class com.google.common.cache.CacheStats                                              : loaded 2 times (x 71B)
Class com.amazon.ion.impl.bin.IonManagedBinaryWriter$ImportedSymbolResolverMode$2     : loaded 2 times (x 80B)
Class com.google.gson.internal.bind.TypeAdapters$32                                   : loaded 2 times (x 76B)
Class org.jetbrains.org.objectweb.asm.ClassVisitor                                    : loaded 2 times (x 88B)
Class [Lcom.google.gson.ReflectionAccessFilter$FilterResult;                          : loaded 2 times (x 69B)
Class com.google.gson.JsonElement                                                     : loaded 2 times (x 92B)
Class com.amazon.ion.system.IonWriterBuilderBase                                      : loaded 2 times (x 83B)
Class io.opentelemetry.api.trace.Tracer                                               : loaded 2 times (x 70B)
Class org.gradle.internal.classloader.DefaultClassLoaderFactory                       : loaded 2 times (x 82B)
Class [Lcom.android.builder.model.v2.ide.ProjectType;                                 : loaded 2 times (x 69B)
Class com.google.common.base.Suppliers                                                : loaded 2 times (x 71B)
Class org.gradle.tooling.internal.adapter.ProtocolToModelAdapter$DefaultViewBuilder   : loaded 2 times (x 80B)
Class kotlin.jdk7.AutoCloseableKt                                                     : loaded 2 times (x 71B)
Class kotlin.time.DurationKt                                                          : loaded 2 times (x 71B)
Class com.google.common.collect.ImmutableMultisetGwtSerializationDependencies         : loaded 2 times (x 125B)
Class com.google.common.collect.Interners                                             : loaded 2 times (x 71B)
Class com.google.common.io.LineProcessor                                              : loaded 2 times (x 70B)
Class com.google.common.io.Closer$Suppressor                                          : loaded 2 times (x 70B)
Class org.objectweb.asm.RecordComponentWriter                                         : loaded 2 times (x 78B)
Class com.google.common.util.concurrent.AbstractFuture$Listener                       : loaded 2 times (x 72B)
Class Settings_gradle$1$1                                                             : loaded 2 times (x 74B)
Class org.gradle.api.internal.classpath.Module$ModuleAlias                            : loaded 2 times (x 70B)
Class [Lcom.google.common.cache.CacheBuilder$OneWeigher;                              : loaded 2 times (x 69B)
Class com.google.gson.internal.bind.CollectionTypeAdapterFactory                      : loaded 2 times (x 75B)
Class io.opentelemetry.api.trace.ArrayBasedTraceState                                 : loaded 2 times (x 86B)
Class io.opentelemetry.context.ContextKey                                             : loaded 2 times (x 70B)
Class io.opentelemetry.context.propagation.TextMapSetter                              : loaded 2 times (x 70B)
Class com.android.ide.common.gradle.Version$Companion$ParseState                      : loaded 2 times (x 70B)
Class [Lcom.android.builder.model.v2.ide.AaptOptions$Namespacing;                     : loaded 2 times (x 69B)
Class org.gradle.tooling.internal.adapter.ProtocolToModelAdapter$ViewGraphDetails$1   : loaded 2 times (x 77B)
Class org.objectweb.asm.Attribute                                                     : loaded 2 times (x 77B)
Class com.google.common.base.Supplier                                                 : loaded 2 times (x 70B)
Class org.gradle.internal.classloader.VisitableURLClassLoader                         : loaded 2 times (x 117B)
Class org.objectweb.asm.MethodTooLargeException                                       : loaded 2 times (x 83B)
Class com.google.common.base.Platform$JdkPatternCompiler                              : loaded 2 times (x 75B)
Class [Lcom.amazon.ion.SymbolTable;                                                   : loaded 2 times (x 69B)
Class com.amazon.ion.impl.bin.IonBinaryWriterAdapter$Factory                          : loaded 2 times (x 70B)
Class com.amazon.ion.impl.BlockedBuffer$BufferedOutputStream                          : loaded 2 times (x 90B)
Class org.jetbrains.plugins.gradle.tooling.serialization.ExternalTestsSerializationService$ReadContext: loaded 2 times (x 72B)
Class com.android.ide.common.repository.AgpVersion$Companion                          : loaded 2 times (x 71B)
Class com.google.common.collect.MapMakerInternalMap$Strength                          : loaded 2 times (x 80B)
Class com.google.common.collect.MapMakerInternalMap$StrongKeyDummyValueEntry$LinkedStrongKeyDummyValueEntry: loaded 2 times (x 82B)
Class [Lkotlin.reflect.KClass;                                                        : loaded 2 times (x 69B)
Class org.gradle.tooling.model.idea.IdeaDependency                                    : loaded 2 times (x 70B)
Class kotlin.sequences.GeneratorSequence                                              : loaded 2 times (x 75B)
Class com.google.common.collect.ImmutableList$SerializedForm                          : loaded 2 times (x 73B)
Class Settings_gradle                                                                 : loaded 2 times (x 124B)
Class kotlin.io.LinesSequence                                                         : loaded 2 times (x 75B)
Class ijJvmDebugger1_4qth3pholj5aahc5kz68rori7$_run_closure1                          : loaded 2 times (x 139B)
Class com.google.gson.internal.bind.TreeTypeAdapter                                   : loaded 2 times (x 75B)
Class com.google.gson.internal.sql.SqlTimeTypeAdapter                                 : loaded 2 times (x 74B)
Class com.amazon.ion.impl.bin.AbstractIonWriter$WriteValueOptimization                : loaded 2 times (x 79B)
Class com.intellij.util.containers.IntObjectHashMap$ArrayProducer                     : loaded 2 times (x 70B)
Class com.android.ide.common.gradle.Version$Companion                                 : loaded 2 times (x 71B)
Class [Lcom.android.builder.model.v2.ide.BytecodeTransformation;                      : loaded 2 times (x 69B)
Class com.android.builder.model.v2.ide.AaptOptions                                    : loaded 2 times (x 70B)
Class io.opentelemetry.api.GlobalOpenTelemetry                                        : loaded 2 times (x 71B)
Class jdk.internal.jimage.decompressor.ZipDecompressor                                : loaded 2 times (x 75B)
Class kotlin.properties.ReadWriteProperty                                             : loaded 2 times (x 70B)
Class com.google.common.collect.MapMakerInternalMap                                   : loaded 2 times (x 161B)
Class com.google.common.base.Strings                                                  : loaded 2 times (x 71B)
Class com.google.common.collect.Sets                                                  : loaded 2 times (x 71B)
Class org.objectweb.asm.Handler                                                       : loaded 2 times (x 72B)
Class com.google.common.base.Ticker                                                   : loaded 2 times (x 72B)
Class com.amazon.ion.impl.bin.IonManagedBinaryWriter$ImportedSymbolResolverMode$1     : loaded 2 times (x 80B)
Class ijKotlinCoroutineJvmDebugInit1_48h3chjpoin0d8lt4tjr0rvjb$_run_closure1          : loaded 2 times (x 139B)
Class com.google.gson.internal.bind.TypeAdapters$20                                   : loaded 2 times (x 75B)
Class com.amazon.ion.impl.bin.BlockAllocatorProvider                                  : loaded 2 times (x 72B)
Class io.opentelemetry.api.trace.ArrayBasedTraceStateBuilder                          : loaded 2 times (x 77B)
Class org.jetbrains.plugins.gradle.tooling.serialization.internal.IdeaProjectSerializationService$WriteContext: loaded 2 times (x 72B)
Class com.intellij.gradle.toolingExtension.impl.model.sourceSetDependencyModel.GradleSourceSetDependencySerialisationService: loaded 2 times (x 77B)
Class org.jetbrains.plugins.gradle.model.GradleSourceSetModel                         : loaded 2 times (x 70B)
Class com.android.builder.model.v2.models.ndk.NativeModelBuilderParameter             : loaded 2 times (x 70B)
Class com.amazon.ion.impl.lite.IonSymbolLite                                          : loaded 2 times (x 247B)
Class [Lcom.amazon.ion.impl.bin.IonRawBinaryWriter$StreamCloseMode;                   : loaded 2 times (x 69B)
Class kotlin.jvm.internal.markers.KMutableIterator                                    : loaded 2 times (x 70B)
Class com.google.devtools.ksp.processing.KSPConfig                                    : loaded 2 times (x 72B)
Class com.google.common.cache.RemovalCause$1                                          : loaded 2 times (x 80B)
Class [Lcom.google.common.cache.LocalCache$Segment;                                   : loaded 2 times (x 69B)
Class [Lcom.google.common.cache.LocalCache$Strength;                                  : loaded 2 times (x 69B)
Class com.google.common.cache.CacheBuilder$1                                          : loaded 2 times (x 85B)
Class com.google.common.collect.ImmutableMap                                          : loaded 2 times (x 120B)
Class org.gradle.internal.classpath.DefaultClassPath$ImmutableUniqueList$Builder      : loaded 2 times (x 75B)
Class org.jetbrains.kotlin.idea.gradleTooling.AndroidAwareGradleModelProvider$Companion: loaded 2 times (x 71B)
Class com.google.gson.JsonSyntaxException                                             : loaded 2 times (x 82B)
Class com.google.gson.internal.bind.TypeAdapters$21                                   : loaded 2 times (x 75B)
Class com.google.gson.FieldNamingPolicy$1                                             : loaded 2 times (x 85B)
Class com.amazon.ion.impl.lite.IonSequenceLite                                        : loaded 2 times (x 433B)
Class com.amazon.ion.impl._Private_Utils$1                                            : loaded 2 times (x 98B)
Class com.amazon.ion.impl.SymbolTableAsStruct                                         : loaded 2 times (x 70B)
Class io.opentelemetry.api.trace.TracerProvider                                       : loaded 2 times (x 70B)
Class com.android.ide.gradle.model.dependencies.Coordinates                           : loaded 2 times (x 70B)
Class com.google.gson.internal.bind.TypeAdapters$31                                   : loaded 2 times (x 76B)
Class com.google.common.collect.AbstractRangeSet                                      : loaded 2 times (x 114B)
Class org.gradle.tooling.internal.adapter.WeakIdentityHashMap$AbsentValueProvider     : loaded 2 times (x 70B)
Class kotlin.io.FileTreeWalk$WalkState                                                : loaded 2 times (x 73B)
Class com.google.common.cache.RemovalCause$2                                          : loaded 2 times (x 80B)
Class com.google.common.collect.MapMakerInternalMap$WeakValueReference                : loaded 2 times (x 70B)
Class com.google.common.cache.LocalCache                                              : loaded 2 times (x 187B)
Class com.google.common.cache.CacheBuilder$2                                          : loaded 2 times (x 79B)
Class com.google.gson.internal.bind.JsonAdapterAnnotationTypeAdapterFactory$DummyTypeAdapterFactory: loaded 2 times (x 75B)
Class com.google.gson.internal.bind.TypeAdapters$22                                   : loaded 2 times (x 75B)
Class com.google.gson.FieldNamingPolicy$2                                             : loaded 2 times (x 85B)
Class com.google.gson.internal.Excluder$1                                             : loaded 2 times (x 74B)
Class com.amazon.ion.impl.bin.AbstractIonWriter                                       : loaded 2 times (x 160B)
Class io.opentelemetry.api.trace.AutoValue_ArrayBasedTraceState                       : loaded 2 times (x 87B)
Class gnu.trove.TObjectHash                                                           : loaded 2 times (x 94B)
Class org.jetbrains.plugins.gradle.tooling.util.ObjectCollector$Processor             : loaded 2 times (x 70B)
Class org.objectweb.asm.ClassVisitor                                                  : loaded 2 times (x 88B)
Class [Lorg.objectweb.asm.Symbol;                                                     : loaded 2 times (x 69B)
Class com.google.common.collect.TransformedListIterator                               : loaded 2 times (x 93B)
Class com.google.common.cache.LocalCache$Values                                       : loaded 2 times (x 118B)
Class org.gradle.internal.exceptions.NonGradleCauseExceptionsHolder                   : loaded 2 times (x 70B)
Class org.gradle.tooling.model.idea.IdeaModuleDependency                              : loaded 2 times (x 70B)
Class org.gradle.tooling.internal.adapter.ViewBuilder                                 : loaded 2 times (x 70B)
Class com.google.common.cache.RemovalCause$3                                          : loaded 2 times (x 80B)
Class com.google.common.collect.ArrayListMultimap                                     : loaded 2 times (x 172B)
Class com.google.common.cache.CacheBuilder$3                                          : loaded 2 times (x 72B)
Class [Lcom.google.common.collect.AbstractMapEntry;                                   : loaded 2 times (x 69B)
Class com.google.common.collect.ImmutableEntry                                        : loaded 2 times (x 82B)
Class org.jetbrains.org.objectweb.asm.SymbolTable$Entry                               : loaded 2 times (x 74B)
Class com.google.common.reflect.TypeCapture                                           : loaded 2 times (x 71B)
Class com.google.gson.internal.bind.TypeAdapters$23                                   : loaded 2 times (x 75B)
Class com.google.gson.FieldNamingPolicy$3                                             : loaded 2 times (x 85B)
Class com.amazon.ion.system.IonReaderBuilder                                          : loaded 2 times (x 95B)
Class io.opentelemetry.api.trace.TraceState                                           : loaded 2 times (x 70B)
Class org.jetbrains.plugins.gradle.model.AnnotationProcessingConfig                   : loaded 2 times (x 70B)
Class com.amazon.ion.IonReader                                                        : loaded 2 times (x 70B)
Class gnu.trove.Equality                                                              : loaded 2 times (x 70B)
Class com.android.ide.common.gradle.Version                                           : loaded 2 times (x 75B)
Class com.android.builder.model.v2.ide.AndroidLibraryData                             : loaded 2 times (x 70B)
Class com.android.builder.model.v2.ide.ApiVersion                                     : loaded 2 times (x 70B)
Class kotlin.collections.builders.ListBuilder$Itr                                     : loaded 2 times (x 94B)
Class jdk.internal.jimage.decompressor.StringSharingDecompressorFactory               : loaded 2 times (x 74B)
Class jdk.internal.jimage.ImageStrings                                                : loaded 2 times (x 70B)
Class kotlin.jvm.functions.Function5                                                  : loaded 2 times (x 70B)
Class com.google.common.cache.RemovalCause$4                                          : loaded 2 times (x 80B)
Class com.google.common.base.Suppliers$MemoizingSupplier                              : loaded 2 times (x 79B)
Class com.google.common.collect.CollectPreconditions                                  : loaded 2 times (x 71B)
Class org.gradle.internal.operations.MultipleBuildOperationFailures                   : loaded 2 times (x 95B)
Class org.gradle.tooling.internal.adapter.MethodInvocation                            : loaded 2 times (x 85B)
Class com.android.utils.FileUtils                                                     : loaded 2 times (x 71B)
Class com.google.gson.internal.bind.TypeAdapters$24                                   : loaded 2 times (x 75B)
Class com.google.gson.FieldNamingPolicy$4                                             : loaded 2 times (x 85B)
Class com.amazon.ion.IonClob                                                          : loaded 2 times (x 70B)
Class io.opentelemetry.context.LazyStorage                                            : loaded 2 times (x 71B)
Class org.jetbrains.plugins.gradle.tooling.ModelBuilderService$Parameter              : loaded 2 times (x 70B)
Class com.android.builder.model.v2.models.Versions$Version                            : loaded 2 times (x 70B)
Class kotlin.jvm.functions.Function6                                                  : loaded 2 times (x 70B)
Class com.google.common.cache.RemovalCause$5                                          : loaded 2 times (x 80B)
Class [Lcom.google.common.collect.MapMakerInternalMap$Strength;                       : loaded 2 times (x 69B)
Class [Lcom.google.common.io.FileWriteMode;                                           : loaded 2 times (x 69B)
Class com.google.common.collect.Maps$AbstractFilteredMap                              : loaded 2 times (x 127B)
Class com.google.common.collect.SortedMapDifference                                   : loaded 2 times (x 70B)
Class [Lorg.jetbrains.org.objectweb.asm.Symbol;                                       : loaded 2 times (x 69B)
Class com.android.builder.model.v2.ide.AaptOptions$Namespacing                        : loaded 2 times (x 79B)
Class com.google.gson.internal.bind.TypeAdapters$25                                   : loaded 2 times (x 75B)
Class com.google.gson.FieldNamingPolicy$5                                             : loaded 2 times (x 85B)
Class com.amazon.ion.impl.lite.IonLobLite                                             : loaded 2 times (x 185B)
Class com.amazon.ion.impl.lite.IonTextLite                                            : loaded 2 times (x 182B)
Class com.amazon.ion.IonNumber                                                        : loaded 2 times (x 70B)
Class gnu.trove.TObjectHashingStrategy                                                : loaded 2 times (x 70B)
Class org.gradle.tooling.internal.adapter.ProtocolToModelAdapter$ReflectionMethodInvoker: loaded 2 times (x 76B)
Class [Lkotlin.time.DurationUnit;                                                     : loaded 2 times (x 69B)
Class kotlin.jvm.functions.Function7                                                  : loaded 2 times (x 70B)
Class kotlin.sequences.SequencesKt___SequencesKt$asIterable$$inlined$Iterable$1       : loaded 2 times (x 79B)
Class com.google.common.collect.Iterables$4                                           : loaded 2 times (x 81B)
Class com.google.common.collect.MapMakerInternalMap$StrongKeyDummyValueSegment        : loaded 2 times (x 142B)
Class com.google.common.io.Files                                                      : loaded 2 times (x 71B)
Class com.google.common.cache.LocalCache$WriteThroughEntry                            : loaded 2 times (x 79B)
Class com.google.common.cache.LocalCache$HashIterator                                 : loaded 2 times (x 86B)
Class com.google.common.cache.LocalCache$EntryFactory                                 : loaded 2 times (x 83B)
Class io.opentelemetry.api.internal.OtelEncodingUtils                                 : loaded 2 times (x 71B)
Class com.intellij.util.ThrowableConsumer                                             : loaded 2 times (x 70B)
Class com.google.gson.TypeAdapterFactory                                              : loaded 2 times (x 70B)
Class com.google.gson.internal.bind.ArrayTypeAdapter                                  : loaded 2 times (x 74B)
Class com.google.gson.internal.bind.TypeAdapters$26                                   : loaded 2 times (x 75B)
Class com.google.gson.FieldNamingPolicy$6                                             : loaded 2 times (x 85B)
Class [Lcom.amazon.ion.impl.bin.IonManagedBinaryWriter$UserState;                     : loaded 2 times (x 69B)
Class com.amazon.ion.impl.bin.utf8.Utf8StringEncoder                                  : loaded 2 times (x 80B)
Class com.amazon.ion.IonBool                                                          : loaded 2 times (x 70B)
Class [Lcom.android.ide.common.gradle.Separator;                                      : loaded 2 times (x 69B)
Class com.google.common.collect.NullsLastOrdering                                     : loaded 2 times (x 115B)
Class com.google.gson.internal.bind.JsonTreeReader                                    : loaded 2 times (x 98B)
Class org.jetbrains.kotlin.tooling.core.HasMutableExtras                              : loaded 2 times (x 70B)
Class [Lkotlin.annotation.AnnotationRetention;                                        : loaded 2 times (x 69B)
Class kotlin.jvm.functions.Function8                                                  : loaded 2 times (x 70B)
Class kotlin.collections.builders.MapBuilder$Companion                                : loaded 2 times (x 71B)
Class com.google.common.reflect.Types$NativeTypeVariableEquals                        : loaded 2 times (x 71B)
Class com.google.common.reflect.TypeParameter                                         : loaded 2 times (x 72B)
Class [Lcom.google.common.collect.MapMaker$Dummy;                                     : loaded 2 times (x 69B)
Class com.google.common.base.CharMatcher$Whitespace                                   : loaded 2 times (x 112B)
Class com.google.common.collect.Iterables$5                                           : loaded 2 times (x 81B)
Class com.google.common.cache.LocalCache$AbstractReferenceEntry                       : loaded 2 times (x 107B)
Class org.jetbrains.org.objectweb.asm.Attribute                                       : loaded 2 times (x 75B)
Class org.jetbrains.org.objectweb.asm.Label                                           : loaded 2 times (x 72B)
Class com.google.gson.internal.reflect.ReflectionHelper                               : loaded 2 times (x 71B)
Class com.google.gson.internal.bind.TypeAdapters$27                                   : loaded 2 times (x 75B)
Class com.google.gson.FieldNamingPolicy$7                                             : loaded 2 times (x 85B)
Class com.amazon.ion.IonLoader                                                        : loaded 2 times (x 70B)
Class io.opentelemetry.context.propagation.NoopTextMapPropagator                      : loaded 2 times (x 76B)
Class com.intellij.gradle.toolingExtension.model.repositoryModel.ProjectRepositoriesModel: loaded 2 times (x 70B)
Class org.jetbrains.plugins.gradle.model.GradleProperty                               : loaded 2 times (x 70B)
Class gnu.trove.TObjectCanonicalHashingStrategy                                       : loaded 2 times (x 78B)
Class com.google.gson.internal.bind.TypeAdapters$30                                   : loaded 2 times (x 76B)
Class com.google.common.collect.ImmutableRangeSet$ComplementRanges                    : loaded 2 times (x 207B)
Class com.android.builder.model.v2.models.VariantDependencies                         : loaded 2 times (x 70B)
Class kotlin.annotation.MustBeDocumented                                              : loaded 2 times (x 70B)
Class kotlin.jvm.functions.Function10                                                 : loaded 2 times (x 70B)
Class kotlin.jvm.functions.Function9                                                  : loaded 2 times (x 70B)
Class [Lkotlin.reflect.KClassifier;                                                   : loaded 2 times (x 69B)
Class [Lkotlin.LazyThreadSafetyMode;                                                  : loaded 2 times (x 69B)
Class com.google.common.collect.ImmutableMapKeySet                                    : loaded 2 times (x 152B)
Class org.objectweb.asm.SymbolTable                                                   : loaded 2 times (x 72B)
Class com.google.common.cache.CacheLoader$InvalidCacheLoadException                   : loaded 2 times (x 82B)
Class org.jetbrains.org.objectweb.asm.Frame                                           : loaded 2 times (x 73B)
Class com.google.common.collect.ImmutableMap$MapViewOfValuesAsSingletonSets           : loaded 2 times (x 126B)
Class [Lcom.google.gson.LongSerializationPolicy;                                      : loaded 2 times (x 69B)
Class com.amazon.ion.impl._Private_Utils                                              : loaded 2 times (x 71B)
Class com.google.common.collect.RegularImmutableMap                                   : loaded 2 times (x 121B)
Class com.android.builder.model.v2.ide.TestedTargetVariant                            : loaded 2 times (x 70B)
Class kotlin.text.MatcherMatchResult$groups$1                                         : loaded 2 times (x 151B)
Class com.google.common.io.ByteArrayDataOutput                                        : loaded 2 times (x 70B)
Class kotlin.collections.builders.MapBuilder                                          : loaded 2 times (x 112B)
Class org.gradle.tooling.internal.adapter.TargetTypeProvider                          : loaded 2 times (x 70B)
Class com.android.builder.model.v2.ide.AndroidArtifact                                : loaded 2 times (x 70B)
Class org.gradle.internal.exceptions.MultiCauseException                              : loaded 2 times (x 70B)
Class org.gradle.internal.time.CountdownTimer                                         : loaded 2 times (x 70B)
Class kotlin.jvm.functions.Function11                                                 : loaded 2 times (x 70B)
Class kotlin.jvm.internal.PropertyReference0Impl                                      : loaded 2 times (x 127B)
Class com.google.common.collect.FluentIterable                                        : loaded 2 times (x 81B)
Class com.google.common.cache.LocalCache$StrongEntry                                  : loaded 2 times (x 108B)
Class com.google.common.util.concurrent.AbstractFuture$TrustedFuture                  : loaded 2 times (x 114B)
Class com.google.common.cache.LoadingCache                                            : loaded 2 times (x 70B)
Class org.jetbrains.plugins.gradle.model.GradleExtensions                             : loaded 2 times (x 70B)
Class org.jetbrains.plugins.gradle.model.AnnotationProcessingModel                    : loaded 2 times (x 70B)
Class com.google.gson.internal.Streams$AppendableWriter                               : loaded 2 times (x 99B)
Class com.google.gson.internal.bind.MapTypeAdapterFactory                             : loaded 2 times (x 75B)
Class com.google.gson.internal.bind.TypeAdapters$29                                   : loaded 2 times (x 76B)
Class com.google.gson.JsonNull                                                        : loaded 2 times (x 92B)
Class io.opentelemetry.api.trace.Span                                                 : loaded 2 times (x 70B)
Class com.intellij.gradle.toolingExtension.impl.model.projectModel.GradleExternalProjectSerializationService$ReadContext: loaded 2 times (x 73B)
Class com.intellij.gradle.toolingExtension.impl.model.dependencyModel.DependencyWriteContext: loaded 2 times (x 72B)
Class io.opentelemetry.context.ContextStorageProvider                                 : loaded 2 times (x 70B)
Class org.gradle.tooling.model.ProjectModel                                           : loaded 2 times (x 70B)
Class jdk.internal.jrtfs.JrtFileSystem                                                : loaded 2 times (x 102B)
Class kotlin.sequences.TakeWhileSequence                                              : loaded 2 times (x 75B)
Class kotlin.jvm.functions.Function12                                                 : loaded 2 times (x 70B)
Class com.google.common.io.ByteStreams$LimitedInputStream                             : loaded 2 times (x 92B)
Class com.google.common.base.Suppliers$NonSerializableMemoizingSupplier               : loaded 2 times (x 79B)
Class org.objectweb.asm.MethodWriter                                                  : loaded 2 times (x 106B)
Class [Lcom.google.common.cache.Weigher;                                              : loaded 2 times (x 69B)
Class com.google.common.collect.RegularImmutableMap$BucketOverflowException           : loaded 2 times (x 82B)
Class com.amazon.ion.system.IonBinaryWriterBuilder                                    : loaded 2 times (x 99B)
Class org.jetbrains.plugins.gradle.model.GradleConfiguration                          : loaded 2 times (x 70B)
Class com.amazon.ion.impl.bin.utf8.Utf8StringEncoderPool                              : loaded 2 times (x 74B)
Class com.amazon.ion.impl._Private_IonSystem                                          : loaded 2 times (x 70B)
Class com.amazon.ion.BufferConfiguration$OversizedValueHandler                        : loaded 2 times (x 70B)
Class com.android.ide.common.gradle.Version$Companion$ParseState$EMPTY                : loaded 2 times (x 74B)
Class com.amazon.ion.impl.bin.IonManagedBinaryWriter$UserState$4                      : loaded 2 times (x 85B)
Class org.jetbrains.plugins.gradle.model.UnresolvedExternalDependency                 : loaded 2 times (x 70B)
Class jdk.internal.jimage.decompressor.CompressedResourceHeader                       : loaded 2 times (x 71B)
Class kotlin.text.Charsets                                                            : loaded 2 times (x 71B)
Class kotlin.jvm.functions.Function13                                                 : loaded 2 times (x 70B)
Class com.google.common.collect.ImmutableMultimap$1                                   : loaded 2 times (x 82B)
Class com.google.common.collect.AbstractMapBasedMultimap$RandomAccessWrappedList      : loaded 2 times (x 205B)
Class com.google.gson.stream.MalformedJsonException                                   : loaded 2 times (x 82B)
Class com.google.gson.internal.bind.DefaultDateTypeAdapter$DateType$1                 : loaded 2 times (x 73B)
Class com.amazon.ion.IonDecimal                                                       : loaded 2 times (x 70B)
Class io.opentelemetry.api.OpenTelemetry                                              : loaded 2 times (x 70B)
Class org.jetbrains.plugins.gradle.model.tests.ExternalTestsModel                     : loaded 2 times (x 70B)
Class com.google.common.util.concurrent.ExecutionError                                : loaded 2 times (x 82B)
Class com.google.common.collect.ImmutableEnumSet                                      : loaded 2 times (x 146B)
Class com.android.ide.common.repository.AgpVersion$Companion$WhenMappings             : loaded 2 times (x 71B)
Class org.gradle.tooling.model.idea.IdeaLanguageLevel                                 : loaded 2 times (x 70B)
Class org.gradle.tooling.internal.adapter.ProtocolToModelAdapter$SafeMethodInvoker    : loaded 2 times (x 76B)
Class org.gradle.tooling.internal.adapter.WeakIdentityHashMap$WeakKey                 : loaded 2 times (x 79B)
Class org.gradle.internal.exceptions.DefaultMultiCauseException                       : loaded 2 times (x 95B)
Class kotlin.jvm.functions.Function14                                                 : loaded 2 times (x 70B)
Class com.google.common.reflect.Types$JavaVersion$1                                   : loaded 2 times (x 83B)
Class com.google.common.collect.ImmutableMultimap$2                                   : loaded 2 times (x 81B)
Class com.google.common.collect.AbstractIterator$State                                : loaded 2 times (x 79B)
Class com.google.common.collect.RegularImmutableBiMap                                 : loaded 2 times (x 149B)
Class com.google.common.cache.LocalCache$ValueReference                               : loaded 2 times (x 70B)
Class org.jetbrains.kotlin.com.intellij.openapi.diagnostic.Attachment                 : loaded 2 times (x 72B)
Class com.google.common.collect.AbstractMapBasedMultimap$WrappedCollection            : loaded 2 times (x 124B)
Class com.google.gson.internal.Streams                                                : loaded 2 times (x 71B)
Class com.google.gson.internal.LazilyParsedNumber                                     : loaded 2 times (x 78B)
Class com.amazon.ion.impl.bin.IonRawBinaryWriter$StreamCloseMode                      : loaded 2 times (x 79B)
Class com.amazon.ion.impl._Private_IonBinaryWriterBuilder$Mutable                     : loaded 2 times (x 115B)
Class io.opentelemetry.api.trace.PropagatedSpan                                       : loaded 2 times (x 112B)
Class com.intellij.gradle.toolingExtension.impl.model.projectModel.GradleExternalProjectSerializationService: loaded 2 times (x 77B)
Class [Lcom.google.common.cache.RemovalCause;                                         : loaded 2 times (x 69B)
Class com.android.builder.model.v2.ide.ProjectInfo                                    : loaded 2 times (x 70B)
Class kotlin.SafePublicationLazyImpl$Companion                                        : loaded 2 times (x 71B)
Class kotlin.jvm.internal.PropertyReference1Impl                                      : loaded 2 times (x 127B)
Class org.gradle.tooling.model.HierarchicalElement                                    : loaded 2 times (x 70B)
Class kotlin.jvm.functions.Function15                                                 : loaded 2 times (x 70B)
Class com.google.common.reflect.Types$JavaVersion$2                                   : loaded 2 times (x 83B)
Class com.google.common.reflect.Types                                                 : loaded 2 times (x 71B)
Class com.google.common.hash.PrimitiveSink                                            : loaded 2 times (x 70B)
Class com.google.common.base.PatternCompiler                                          : loaded 2 times (x 70B)
Class com.google.common.util.concurrent.AbstractFuture$Failure                        : loaded 2 times (x 72B)
Class com.google.common.base.Equivalence$Equals                                       : loaded 2 times (x 82B)
Class com.google.common.collect.Hashing                                               : loaded 2 times (x 71B)
Class kotlin.jvm.internal.MutablePropertyReference1                                   : loaded 2 times (x 137B)
Class org.gradle.tooling.internal.adapter.ProtocolToModelAdapter$InvocationHandlerImpl: loaded 2 times (x 77B)
Class com.google.gson.stream.JsonReader                                               : loaded 2 times (x 97B)
Class com.amazon.ion.impl.bin.IonRawBinaryWriter$PatchPoint                           : loaded 2 times (x 72B)
Class com.amazon.ion.IonBlob                                                          : loaded 2 times (x 70B)
Class com.amazon.ion.IonLob                                                           : loaded 2 times (x 70B)
Class com.amazon.ion.IonSequence                                                      : loaded 2 times (x 70B)
Class io.opentelemetry.api.trace.TraceFlags                                           : loaded 2 times (x 70B)
Class org.jetbrains.plugins.gradle.tooling.serialization.ExternalTestsSerializationService: loaded 2 times (x 77B)
Class org.gradle.tooling.model.build.GradleEnvironment                                : loaded 2 times (x 70B)
Class com.android.builder.model.v2.models.VariantDependenciesAdjacencyList            : loaded 2 times (x 70B)
Class com.android.builder.model.v2.dsl.DependenciesInfo                               : loaded 2 times (x 70B)
Class org.jetbrains.plugins.gradle.tooling.util.IntObjectMap$ObjectFactory            : loaded 2 times (x 70B)
Class com.google.common.collect.ByFunctionOrdering                                    : loaded 2 times (x 115B)
Class [Lio.opentelemetry.api.trace.ImmutableTraceFlags;                               : loaded 2 times (x 69B)
Class org.gradle.internal.time.Time                                                   : loaded 2 times (x 71B)
Class kotlin.jvm.functions.Function16                                                 : loaded 2 times (x 70B)
Class com.google.common.reflect.Types$JavaVersion$3                                   : loaded 2 times (x 83B)
Class com.google.common.collect.ImmutableSetMultimap                                  : loaded 2 times (x 180B)
Class com.google.common.io.CharSink                                                   : loaded 2 times (x 79B)
Class org.objectweb.asm.Label                                                         : loaded 2 times (x 73B)
Class org.objectweb.asm.CurrentFrame                                                  : loaded 2 times (x 73B)
Class org.objectweb.asm.ClassTooLargeException                                        : loaded 2 times (x 83B)
Class org.jetbrains.org.objectweb.asm.RecordComponentWriter                           : loaded 2 times (x 78B)
Class com.amazon.ion.IonException                                                     : loaded 2 times (x 84B)
Class ijKotlinCoroutineJvmDebugInit1_48h3chjpoin0d8lt4tjr0rvjb$_run_closure1$_closure2: loaded 2 times (x 139B)
Class com.google.gson.internal.reflect.ReflectionHelper$RecordSupportedHelper         : loaded 2 times (x 78B)
Class com.amazon.ion.system.IonTextWriterBuilder                                      : loaded 2 times (x 98B)
Class com.amazon.ion.impl.bin.IonManagedBinaryWriter$ImportedSymbolResolverMode$1$1$1 : loaded 2 times (x 76B)
Class com.amazon.ion.impl._Private_LocalSymbolTableFactory                            : loaded 2 times (x 70B)
Class org.jetbrains.plugins.gradle.tooling.serialization.AnnotationProcessingModelSerializationService: loaded 2 times (x 77B)
Class com.amazon.ion.util.GzipStreamInterceptor                                       : loaded 2 times (x 85B)
Class com.amazon.ion.impl.bin.IonManagedBinaryWriter$UserState$3                      : loaded 2 times (x 85B)
Class com.android.ide.common.gradle.Version$Companion$ParseState$NUMERIC              : loaded 2 times (x 74B)
Class com.google.gson.JsonObject                                                      : loaded 2 times (x 93B)
Class com.android.ide.common.repository.AgpVersion$PreviewKind                        : loaded 2 times (x 79B)
Class com.android.builder.model.v2.models.ProjectGraph                                : loaded 2 times (x 70B)
Class kotlin.InitializedLazyImpl                                                      : loaded 2 times (x 76B)
Class kotlin.jvm.functions.Function17                                                 : loaded 2 times (x 70B)
Class com.google.common.reflect.Types$JavaVersion$4                                   : loaded 2 times (x 83B)
Class com.google.common.collect.MapMakerInternalMap$InternalEntryHelper               : loaded 2 times (x 70B)
Class com.google.common.collect.Table                                                 : loaded 2 times (x 70B)
Class com.google.common.collect.Maps$IteratorBasedAbstractMap                         : loaded 2 times (x 125B)
Class org.objectweb.asm.Frame                                                         : loaded 2 times (x 73B)
Class org.objectweb.asm.MethodVisitor                                                 : loaded 2 times (x 105B)
Class com.google.common.cache.LocalCache$EntryFactory$1                               : loaded 2 times (x 83B)
Class [Lcom.google.common.cache.RemovalListener;                                      : loaded 2 times (x 69B)
Class org.jetbrains.org.objectweb.asm.MethodWriter                                    : loaded 2 times (x 106B)
Class org.gradle.internal.classloader.ClassLoaderHierarchy                            : loaded 2 times (x 70B)
Class com.google.gson.internal.bind.JsonAdapterAnnotationTypeAdapterFactory           : loaded 2 times (x 75B)
Class com.amazon.ion.impl.lite.IonNullLite                                            : loaded 2 times (x 176B)
Class org.jetbrains.plugins.gradle.model.DependencyAccessorsModel                     : loaded 2 times (x 70B)
Class [Lcom.intellij.openapi.externalSystem.model.project.dependencies.ResolutionState;: loaded 2 times (x 69B)
Class gnu.trove.TObjectIntHashMap                                                     : loaded 2 times (x 109B)
Class com.google.common.collect.RangeSet                                              : loaded 2 times (x 70B)
Class [Lcom.google.common.base.AbstractIterator$State;                                : loaded 2 times (x 69B)
Class kotlin.jvm.functions.Function18                                                 : loaded 2 times (x 70B)
Class com.google.common.reflect.Types$JavaVersion$5                                   : loaded 2 times (x 71B)
Class [Lcom.google.common.reflect.Types$ClassOwnership;                               : loaded 2 times (x 69B)
Class com.google.common.cache.LocalCache$EntryFactory$2                               : loaded 2 times (x 83B)
Class com.google.common.io.FileWriteMode                                              : loaded 2 times (x 79B)
Class [Lcom.google.common.collect.MapMakerInternalMap$Segment;                        : loaded 2 times (x 69B)
Class com.google.gson.internal.bind.NumberTypeAdapter                                 : loaded 2 times (x 74B)
Class com.amazon.ion.impl.lite.IonClobLite                                            : loaded 2 times (x 221B)
Class com.amazon.ion.impl._Private_ValueFactory                                       : loaded 2 times (x 70B)
Class com.amazon.ion.impl.bin.IonRawBinaryWriter$PreallocationMode$1                  : loaded 2 times (x 82B)
Class [Lcom.amazon.ion.impl.bin._Private_IonManagedBinaryWriterBuilder$AllocatorMode; : loaded 2 times (x 69B)
Class org.jetbrains.kotlin.idea.gradleTooling.KotlinMPPGradleModel                    : loaded 2 times (x 70B)
Class io.opentelemetry.context.propagation.ContextPropagators                         : loaded 2 times (x 70B)
Class com.intellij.gradle.toolingExtension.impl.model.dependencyDownloadPolicyModel.GradleDependencyDownloadPolicy: loaded 2 times (x 70B)
Class org.gradle.tooling.model.BuildIdentifier                                        : loaded 2 times (x 70B)
Class kotlin.reflect.KMutableProperty$Setter                                          : loaded 2 times (x 70B)
Class kotlin.jvm.functions.Function19                                                 : loaded 2 times (x 70B)
Class org.objectweb.asm.ModuleWriter                                                  : loaded 2 times (x 82B)
Class com.google.common.cache.LocalCache$EntryFactory$3                               : loaded 2 times (x 83B)
Class com.google.common.base.Ticker$1                                                 : loaded 2 times (x 72B)
Class com.google.common.collect.Maps$BiMapConverter                                   : loaded 2 times (x 90B)
Class com.google.common.collect.ImmutableMapEntrySet$RegularEntrySet                  : loaded 2 times (x 152B)
Class [Lkotlin.jvm.functions.Function1;                                               : loaded 2 times (x 69B)
Class org.jetbrains.org.objectweb.asm.RecordComponentVisitor                          : loaded 2 times (x 77B)
Class com.google.gson.ToNumberPolicy$1                                                : loaded 2 times (x 83B)
Class [Lcom.google.gson.FieldNamingStrategy;                                          : loaded 2 times (x 69B)
Class com.google.gson.internal.Excluder                                               : loaded 2 times (x 75B)
Class com.amazon.ion.IonInt                                                           : loaded 2 times (x 70B)
Class com.amazon.ion.impl.bin.IonRawBinaryWriter$PreallocationMode$2                  : loaded 2 times (x 82B)
Class org.jetbrains.kotlin.idea.gradleTooling.PrepareKotlinIdeImportTaskModel         : loaded 2 times (x 70B)
Class com.google.common.cache.LocalCache$ValueIterator                                : loaded 2 times (x 86B)
Class com.android.builder.model.v2.ide.VectorDrawablesOptions                         : loaded 2 times (x 70B)
Class com.google.common.collect.CollectSpliterators$1                                 : loaded 2 times (x 90B)
Class com.google.common.collect.SetMultimap                                           : loaded 2 times (x 70B)
Class com.google.common.collect.ImmutableSet$Builder                                  : loaded 2 times (x 85B)
Class com.google.common.cache.LocalCache$EntryFactory$4                               : loaded 2 times (x 83B)
Class org.jetbrains.org.objectweb.asm.MethodTooLargeException                         : loaded 2 times (x 83B)
Class org.jetbrains.org.objectweb.asm.Context                                         : loaded 2 times (x 72B)
Class jdk.internal.jimage.BasicImageReader                                            : loaded 2 times (x 95B)
Class com.google.gson.internal.ReflectionAccessFilterHelper                           : loaded 2 times (x 71B)
Class com.google.gson.internal.reflect.ReflectionHelper$RecordHelper                  : loaded 2 times (x 75B)
Class com.google.gson.ToNumberPolicy$2                                                : loaded 2 times (x 83B)
Class com.amazon.ion.impl.bin.IonRawBinaryWriter$PreallocationMode$3                  : loaded 2 times (x 82B)
Class com.android.ide.gradle.model.GradlePluginModel                                  : loaded 2 times (x 70B)
Class com.android.builder.model.v2.ide.Edge                                           : loaded 2 times (x 70B)
Class com.google.common.collect.ReverseOrdering                                       : loaded 2 times (x 115B)
Class com.android.builder.model.v2.models.VariantDependenciesFlatList                 : loaded 2 times (x 70B)
Class org.gradle.tooling.model.build.JavaEnvironment                                  : loaded 2 times (x 70B)
Class com.google.common.io.ByteStreams$1                                              : loaded 2 times (x 85B)
Class com.google.common.cache.LocalCache$EntryFactory$5                               : loaded 2 times (x 83B)
Class org.jetbrains.org.objectweb.asm.CurrentFrame                                    : loaded 2 times (x 73B)
Class com.intellij.gradle.toolingExtension.impl.model.sourceSetModel.GradleSourceSetSerialisationService$Companion: loaded 2 times (x 71B)
Class org.jetbrains.plugins.gradle.model.GradleExtension                              : loaded 2 times (x 70B)
Class com.google.gson.internal.bind.ReflectiveTypeAdapterFactory$FieldsData           : loaded 2 times (x 72B)
Class com.google.gson.ToNumberPolicy$3                                                : loaded 2 times (x 83B)
Class com.amazon.ion.impl.lite.IonDecimalLite                                         : loaded 2 times (x 189B)
Class com.amazon.ion.IonBufferConfiguration$Builder                                   : loaded 2 times (x 78B)
Class com.android.builder.model.v2.ide.SourceSetContainer                             : loaded 2 times (x 70B)
Class org.gradle.internal.time.Timer                                                  : loaded 2 times (x 70B)
Class kotlin.time.Duration                                                            : loaded 2 times (x 74B)
Class [Lkotlin.reflect.KProperty;                                                     : loaded 2 times (x 69B)
Class com.amazon.ion.impl._Private_IonValue                                           : loaded 2 times (x 70B)
Class com.google.common.collect.HashMultimap                                          : loaded 2 times (x 174B)
Class com.google.common.cache.LocalCache$EntryFactory$6                               : loaded 2 times (x 83B)
Class org.gradle.internal.installation.CurrentGradleInstallationLocator               : loaded 2 times (x 71B)
Class com.google.gson.ToNumberPolicy$4                                                : loaded 2 times (x 83B)
Class [Lcom.amazon.ion.impl.bin.IonRawBinaryWriter$ContainerType;                     : loaded 2 times (x 69B)
Class com.amazon.ion.impl.bin.IonManagedBinaryWriter$UserState$2                      : loaded 2 times (x 85B)
Class com.android.builder.model.v2.ide.LintOptions                                    : loaded 2 times (x 70B)
Class org.gradle.tooling.internal.adapter.ProtocolToModelAdapter$ViewGraphDetails     : loaded 2 times (x 72B)
Class org.gradle.tooling.model.idea.IdeaProject                                       : loaded 2 times (x 70B)
Class org.gradle.tooling.model.DomainObjectSet                                        : loaded 2 times (x 70B)
Class [Lkotlin.io.FileWalkDirection;                                                  : loaded 2 times (x 69B)
Class com.google.common.collect.ImmutableMultimap$Builder                             : loaded 2 times (x 86B)
Class com.google.common.collect.Maps$KeySet                                           : loaded 2 times (x 137B)
Class com.google.common.collect.ImmutableSet$EmptySetBuilderImpl                      : loaded 2 times (x 76B)
Class com.google.common.cache.LocalCache$EntryFactory$7                               : loaded 2 times (x 83B)
Class org.gradle.internal.service.DefaultServiceLocator                               : loaded 2 times (x 83B)
Class org.jetbrains.org.objectweb.asm.SymbolTable                                     : loaded 2 times (x 72B)
Class com.google.gson.internal.sql.SqlTypesSupport                                    : loaded 2 times (x 71B)
Class com.google.gson.Gson                                                            : loaded 2 times (x 72B)
Class com.amazon.ion.impl.bin.utf8.Utf8StringEncoder$Result                           : loaded 2 times (x 74B)
Class com.amazon.ion.impl.bin.utf8.Pool$Allocator                                     : loaded 2 times (x 70B)
Class com.amazon.ion.IonText                                                          : loaded 2 times (x 70B)
Class com.amazon.ion.impl.SymbolTokenImpl                                             : loaded 2 times (x 81B)
Class com.amazon.ion.SubstituteSymbolTableException                                   : loaded 2 times (x 84B)
Class io.opentelemetry.api.trace.SpanContextKey                                       : loaded 2 times (x 71B)
Class com.android.builder.model.v2.ide.BasicArtifact                                  : loaded 2 times (x 70B)
Class org.gradle.internal.classloader.FilteringClassLoader                            : loaded 2 times (x 105B)
Class com.google.common.collect.RegularImmutableMap$KeySet                            : loaded 2 times (x 152B)
Class org.gradle.util.GradleVersion                                                   : loaded 2 times (x 81B)
Class kotlin.reflect.KMutableProperty0                                                : loaded 2 times (x 70B)
Class kotlin.reflect.KClassifier                                                      : loaded 2 times (x 70B)
Class kotlin.io.FileTreeWalk                                                          : loaded 2 times (x 75B)
Class com.google.common.collect.ImmutableMultimap$EntryCollection                     : loaded 2 times (x 128B)
Class com.google.common.cache.LocalCache$SoftValueReference                           : loaded 2 times (x 97B)
Class com.google.common.collect.Maps$EntrySet                                         : loaded 2 times (x 136B)
Class com.google.common.cache.LocalCache$EntryFactory$8                               : loaded 2 times (x 83B)
Class org.gradle.internal.installation.CurrentGradleInstallation                      : loaded 2 times (x 73B)
Class org.jetbrains.org.objectweb.asm.ModuleWriter                                    : loaded 2 times (x 82B)
Class com.google.gson.Gson$1                                                          : loaded 2 times (x 76B)
Class com.amazon.ion.impl.bin.IonManagedBinaryWriter$ImportDescriptor                 : loaded 2 times (x 76B)
Class com.amazon.ion.SymbolTable                                                      : loaded 2 times (x 70B)
Class org.jetbrains.plugins.gradle.javaModel.JavaGradleManifestModel                  : loaded 2 times (x 70B)
Class org.jetbrains.plugins.gradle.tooling.serialization.GradleExtensionsSerializationService$WriteContext: loaded 2 times (x 72B)
Class com.intellij.gradle.toolingExtension.impl.model.taskModel.GradleTaskSerialisationService$Companion: loaded 2 times (x 71B)
Class com.google.common.base.Equivalence$Identity                                     : loaded 2 times (x 82B)
Class com.google.common.base.PairwiseEquivalence                                      : loaded 2 times (x 83B)
Class com.google.common.io.LineReader                                                 : loaded 2 times (x 72B)
Class kotlin.coroutines.jvm.internal.CompletedContinuation                            : loaded 2 times (x 75B)
Class kotlin.sequences.DropTakeSequence                                               : loaded 2 times (x 70B)
Class kotlin.io.TextStreamsKt                                                         : loaded 2 times (x 71B)
Class org.gradle.tooling.internal.adapter.ProtocolToModelAdapter$MethodInvocationCache$MethodInvocationKey: loaded 2 times (x 73B)
Class kotlin.reflect.KMutableProperty1                                                : loaded 2 times (x 70B)
Class com.google.common.cache.CacheLoader$1                                           : loaded 2 times (x 75B)
Class org.gradle.util.internal.GUtil                                                  : loaded 2 times (x 71B)
Class [Lorg.jetbrains.org.objectweb.asm.Label;                                        : loaded 2 times (x 69B)
Class kotlin.text.MatcherMatchResult                                                  : loaded 2 times (x 80B)
Class kotlin.text.MatchGroupCollection                                                : loaded 2 times (x 70B)
Class com.google.gson.Gson$2                                                          : loaded 2 times (x 76B)
Class [Lcom.amazon.ion.impl.bin.IonManagedBinaryWriter$SymbolState;                   : loaded 2 times (x 69B)
Class com.amazon.ion.impl._Private_IonWriterBase                                      : loaded 2 times (x 162B)
Class com.amazon.ion.system.IonSystemBuilder                                          : loaded 2 times (x 75B)
Class com.amazon.ion.IonCatalog                                                       : loaded 2 times (x 70B)
Class io.opentelemetry.api.trace.TraceId                                              : loaded 2 times (x 71B)
Class com.intellij.gradle.toolingExtension.impl.model.utilTurnOffDefaultTasksModel.TurnOffDefaultTasks: loaded 2 times (x 70B)
Class com.intellij.gradle.toolingExtension.impl.model.sourceSetModel.GradleSourceSetSerialisationService$SourceSetModelReadContext: loaded 2 times (x 72B)
Class com.android.utils.StringHelper                                                  : loaded 2 times (x 71B)
Class kotlin.reflect.KMutableProperty2                                                : loaded 2 times (x 70B)
Class com.google.common.io.ByteSource                                                 : loaded 2 times (x 84B)
Class com.google.common.cache.AbstractCache$StatsCounter                              : loaded 2 times (x 70B)
Class com.google.gson.internal.bind.ReflectiveTypeAdapterFactory$BoundField           : loaded 2 times (x 75B)
Class com.google.gson.Gson$3                                                          : loaded 2 times (x 75B)
Class io.opentelemetry.api.internal.ImmutableSpanContext                              : loaded 2 times (x 91B)
Class com.intellij.gradle.toolingExtension.impl.model.sourceSetModel.GradleSourceSetSerialisationService$SourceSetModelWriteContext: loaded 2 times (x 72B)
Class com.android.builder.model.v2.ide.ViewBindingOptions                             : loaded 2 times (x 70B)
Class com.android.ide.gradle.model.dependencies.DeclaredDependencies                  : loaded 2 times (x 70B)
Class com.android.builder.model.v2.dsl.BuildType                                      : loaded 2 times (x 70B)
Class org.jetbrains.plugins.gradle.tooling.serialization.internal.IdeaProjectSerializationService$ReadContext: loaded 2 times (x 72B)
Class com.amazon.ion.impl.bin.IonManagedBinaryWriter$UserState$1                      : loaded 2 times (x 85B)
Class com.google.gson.internal.bind.ObjectTypeAdapter$1                               : loaded 2 times (x 76B)
Class org.gradle.tooling.internal.adapter.WeakIdentityHashMap                         : loaded 2 times (x 76B)
Class org.gradle.tooling.GradleConnectionException                                    : loaded 2 times (x 83B)
Class org.gradle.tooling.internal.adapter.ProtocolToModelAdapter$1                    : loaded 2 times (x 75B)
Class org.gradle.tooling.internal.adapter.ProtocolToModelAdapter$ViewDecoration       : loaded 2 times (x 70B)
Class kotlin.time.DurationUnitKt                                                      : loaded 2 times (x 71B)
Class com.google.common.reflect.Types$TypeVariableImpl                                : loaded 2 times (x 72B)
Class com.google.common.io.LineBuffer                                                 : loaded 2 times (x 75B)
Class com.google.common.collect.MapMakerInternalMap$1                                 : loaded 2 times (x 83B)
Class org.gradle.internal.installation.GradleInstallation                             : loaded 2 times (x 75B)
Class com.google.gson.internal.bind.DefaultDateTypeAdapter$1                          : loaded 2 times (x 75B)
Class com.google.gson.Gson$4                                                          : loaded 2 times (x 76B)
Class com.google.gson.internal.ConstructorConstructor                                 : loaded 2 times (x 72B)
Class com.amazon.ion.impl.lite.ContainerlessContext                                   : loaded 2 times (x 80B)
Class io.opentelemetry.api.trace.DefaultTracer                                        : loaded 2 times (x 74B)
Class org.jetbrains.plugins.gradle.tooling.serialization.GradleExtensionsSerializationService$ReadContext: loaded 2 times (x 72B)
Class com.google.common.collect.ForwardingCollection                                  : loaded 2 times (x 130B)
Class com.google.common.collect.LexicographicalOrdering                               : loaded 2 times (x 115B)
Class org.gradle.tooling.internal.adapter.MethodInvoker                               : loaded 2 times (x 70B)
Class jdk.internal.jimage.decompressor.ResourceDecompressor$StringsProvider           : loaded 2 times (x 70B)
Class com.google.common.base.Splitter$Strategy                                        : loaded 2 times (x 70B)
Class com.google.common.collect.Iterables                                             : loaded 2 times (x 71B)
Class org.jetbrains.kotlin.com.intellij.openapi.diagnostic.DefaultLogger              : loaded 2 times (x 100B)
Class com.google.gson.ReflectionAccessFilter$FilterResult                             : loaded 2 times (x 79B)
Class com.google.gson.Gson$5                                                          : loaded 2 times (x 76B)
Class gnu.trove.PrimeFinder                                                           : loaded 2 times (x 71B)
Class com.amazon.ion.UnexpectedEofException                                           : loaded 2 times (x 84B)
Class com.amazon.ion.IonSexp                                                          : loaded 2 times (x 70B)
Class com.amazon.ion.ReadOnlyValueException                                           : loaded 2 times (x 84B)
Class com.amazon.ion.impl._Private_LocalSymbolTable                                   : loaded 2 times (x 70B)
Class com.amazon.ion.BufferConfiguration$DataHandler                                  : loaded 2 times (x 70B)
Class com.amazon.ion.impl._Private_IonBinaryWriterBuilder                             : loaded 2 times (x 115B)
Class org.jetbrains.plugins.gradle.tooling.serialization.RepositoriesModelSerializationService$WriteContext: loaded 2 times (x 72B)
Class com.android.ide.gradle.model.LegacyAndroidGradlePluginProperties                : loaded 2 times (x 70B)
Class com.android.ide.common.gradle.Part                                              : loaded 2 times (x 77B)
Class com.google.common.collect.Lists$RandomAccessReverseList                         : loaded 2 times (x 200B)
Class com.google.gson.Gson$FutureTypeAdapter                                          : loaded 2 times (x 76B)
Class com.google.gson.annotations.SerializedName                                      : loaded 2 times (x 70B)
Class org.gradle.tooling.model.gradle.GradleScript                                    : loaded 2 times (x 70B)
Class kotlin.io.FileWalkDirection                                                     : loaded 2 times (x 79B)

---------------  S Y S T E M  ---------------

OS:
 Windows 11 , 64 bit Build 26100 (10.0.26100.8875)
OS uptime: 5 days 19:03 hours
Hyper-V role detected

CPU: total 24 (initial active 24) (12 cores per cpu, 2 threads per core) family 6 model 183 stepping 1 microcode 0x12e, cx8, cmov, fxsr, ht, mmx, 3dnowpref, sse, sse2, sse3, ssse3, sse4.1, sse4.2, popcnt, lzcnt, tsc, tscinvbit, avx, avx2, aes, erms, clmul, bmi1, bmi2, adx, sha, fma, vzeroupper, clflush, clflushopt, clwb, hv, serialize, rdtscp, rdpid, fsrm, f16c, cet_ibt, cet_ss
Processor Information for processor 0
  Max Mhz: 2100, Current Mhz: 2100, Mhz Limit: 2100
Processor Information for processor 1
  Max Mhz: 2100, Current Mhz: 2100, Mhz Limit: 2100
Processor Information for processor 2
  Max Mhz: 2100, Current Mhz: 2100, Mhz Limit: 2100
Processor Information for processor 3
  Max Mhz: 2100, Current Mhz: 2100, Mhz Limit: 2100
Processor Information for processor 4
  Max Mhz: 2100, Current Mhz: 1453, Mhz Limit: 2100
Processor Information for processor 5
  Max Mhz: 2100, Current Mhz: 2100, Mhz Limit: 2100
Processor Information for processor 6
  Max Mhz: 2100, Current Mhz: 2100, Mhz Limit: 2100
Processor Information for processor 7
  Max Mhz: 2100, Current Mhz: 2100, Mhz Limit: 2100
Processor Information for processor 8
  Max Mhz: 2100, Current Mhz: 2100, Mhz Limit: 2100
Processor Information for processor 9
  Max Mhz: 2100, Current Mhz: 2100, Mhz Limit: 2100
Processor Information for processor 10
  Max Mhz: 2100, Current Mhz: 2100, Mhz Limit: 2100
Processor Information for processor 11
  Max Mhz: 2100, Current Mhz: 2100, Mhz Limit: 2100
Processor Information for processor 12
  Max Mhz: 2100, Current Mhz: 1453, Mhz Limit: 2100
Processor Information for processor 13
  Max Mhz: 2100, Current Mhz: 2100, Mhz Limit: 2100
Processor Information for processor 14
  Max Mhz: 2100, Current Mhz: 2100, Mhz Limit: 2100
Processor Information for processor 15
  Max Mhz: 2100, Current Mhz: 2100, Mhz Limit: 2100
Processor Information for processor 16
  Max Mhz: 2100, Current Mhz: 2100, Mhz Limit: 2100
Processor Information for processor 17
  Max Mhz: 2100, Current Mhz: 1540, Mhz Limit: 2100
Processor Information for processor 18
  Max Mhz: 2100, Current Mhz: 2100, Mhz Limit: 2100
Processor Information for processor 19
  Max Mhz: 2100, Current Mhz: 1540, Mhz Limit: 2100
Processor Information for processor 20
  Max Mhz: 2100, Current Mhz: 2100, Mhz Limit: 2100
Processor Information for processor 21
  Max Mhz: 2100, Current Mhz: 2100, Mhz Limit: 2100
Processor Information for processor 22
  Max Mhz: 2100, Current Mhz: 2100, Mhz Limit: 2100
Processor Information for processor 23
  Max Mhz: 2100, Current Mhz: 2100, Mhz Limit: 2100

Memory: 4k page, system-wide physical 32507M (966M free)
TotalPageFile size 44795M (AvailPageFile size 20M)
current process WorkingSet (physical memory assigned to process): 1466M, peak: 1477M
current process commit charge ("private bytes"): 1678M, peak: 1692M

vm_info: OpenJDK 64-Bit Server VM (21.0.10+-14961533-b1163.108) for windows-amd64 JRE (21.0.10+-14961533-b1163.108), built on 2026-03-02T19:58:50Z by "builder" with MS VC++ 16.10 / 16.11 (VS2019)

END.
